article,has_lesson_term,has_effect_term,n_matching_sentences,sample_sentences
2013/58-pg18.3_002.txt,1,1,0,
2013/58-pg18.3_003.txt,0,1,0,
2013/58-pg18.3_004.txt,0,1,1,"美国最终退出量化宽松仍需时日
国际社会评价美联储小幅削减资产购买规模决定
作者：吴成良;韩硕;吴刚;刘军国;颜欢;强薇;彭敏
时间：2013-12-21

自次贷危机出现并引发国际金融危机以来，美联储先后实施了三轮量化宽松政策（简称QE）"
2013/58-pg18.3_005.txt,0,1,0,
2013/58-pg18.3_006.txt,1,1,1,改革开放以来，我们坚持社会主义市场经济的改革方向，充分发挥市场配置资源的作用，不断健全宏观调控体系，调整完善宏观经济政策，成功应对了短缺经济条件下投资消费双膨胀导致的经济过热和严重通货膨胀、有效需求不足导致的经济下滑和通货紧缩趋势、亚洲金融危机和国际金融危机等造成的严重冲击，以及重大疫情和严重自然灾害等重大突发事件，促进了经济持续健康发展，避免了经济大起大落，人民生活水平大幅提升，综合国力和国际竞争力显著增强，社会主义现代化建设取得了新的历史性成就
2013/58-pg18.3_007.txt,1,1,0,
2013/58-pg18.3_008.txt,1,0,1,从国际经验来看，在欧美发达金融市场国家，存款保险制度已普遍推行，国际金融危机和欧债危机期间，正是因为有此作为保障，银行才未发生全面挤兑现象
2013/58-pg18.3_009.txt,0,1,0,
2013/58-pg18.3_011.txt,1,1,1,国际金融危机影响具有长期性，国际市场争夺更趋激烈，必须顺势而为、转变思路
2013/58-pg18.3_012.txt,1,1,0,
2013/58-pg18.3_013.txt,1,1,1,2008年，由于国际金融危机冲击，大豆期现货价格跌幅达40%以上，国内大批企业在采购国际大豆时，通过大连期货市场提前卖出相关产品，规避了价格下跌风险
2013/58-pg18.3_015.txt,0,1,1,为了避免华尔街再次出现需要政府救助的局面，沃尔克在2008年国际金融危机爆发后提出该规则，认为坐享联邦存款担保和贴现融资好处的金融机构不应从事可能引发政府救助的冒险行为
2013/58-pg18.3_016.txt,0,1,0,
2013/59-pg19.1_002.txt,0,1,0,
2013/59-pg19.1_003.txt,1,1,0,
2013/59-pg19.1_004.txt,0,1,0,
2013/59-pg19.1_005.txt,1,1,0,
2013/59-pg19.1_006.txt,1,0,0,
2013/59-pg19.1_007.txt,0,1,0,
2013/59-pg19.1_008.txt,0,1,0,
2013/59-pg19.1_009.txt,1,1,0,
2013/59-pg19.1_010.txt,0,1,0,
2013/59-pg19.1_011.txt,0,1,0,
2013/59-pg19.1_012.txt,1,1,0,
2013/59-pg19.1_015.txt,1,1,2,由美国住房按揭信贷市场的次贷危机引发的国际金融危机发生发展的过程说明，构建稳定均衡的大金融体系，离不开大数据理念与技术的支持 || 其中一个方面的均衡被破坏，其他几个方面也会随之变动，导致不同规模、不同程度的金融危机
2013/59-pg19.1_016.txt,0,1,0,
2013/60-pg19.2_002.txt,1,1,2,近年来，我们共同经历了国际金融危机和欧债危机的冲击，通过巩固团结、深化合作，彼此经贸往来取得新进展 || 摆脱国际金融危机的深层次影响，加强国际合作、反对贸易和投资保护主义至关重要
2013/60-pg19.2_003.txt,1,1,1,尤其是近年来罗马尼亚妥善应对国际金融危机和欧债问题的冲击，经济平稳增长，社会政治稳定，人民安居乐业，已成为欧洲重要的新兴市场，地区和国际影响不断提升，赢得“欧洲之虎”的美誉
2013/60-pg19.2_004.txt,0,1,1,"在重大天灾面前，他们捐款捐物，甚至不顾个人安危奋战在第一线；在汹涌而来的国际金融危机面前，他们发出《树信心、保增长、促就业》倡议书，抱团取暖、共克时艰…… 

 2010年，中共中央、国务院下发《关于加强和改进新形势下工商联工作的意见》，第一次明确提出：工商联在我国经济、政治、文化、社会生活中有着重要影响，在促进非公有制经济健康发展、引导非公有制经济人士健康成长中具有不可替代的作用"
2013/60-pg19.2_005.txt,1,1,1,双方经贸往来经受住国际金融危机和欧债危机冲击，务实合作呈现出旺盛生机和活力
2013/60-pg19.2_006.txt,1,1,2,"近年来中国和中东欧国家政治互信继续增强，人文交流不断扩大，经贸合作也经受住了国际金融危机和欧债问题的冲击 || 近年来，受国际金融危机和欧债问题影响,资金短缺成为影响中东欧国家经济复苏的瓶颈"
2013/60-pg19.2_007.txt,1,1,1,双方经贸往来经受住国际金融危机和欧债危机冲击，务实合作呈现出旺盛生机和活力
2013/60-pg19.2_008.txt,1,1,1,国际金融危机影响深远，全球发展不平衡加剧，国际和地区冲突频繁发生
2013/60-pg19.2_009.txt,1,0,1,近年来国际金融危机的教训表明，只有认清自身对外资产负债存量，才能制定科学的宏观经济政策
2013/60-pg19.2_010.txt,1,1,1,同样是两场百年一遇的大危机，上世纪30年代大萧条冲击的只是美欧日，始于2008年的国际金融危机则席卷了全球，无一国能够幸免，无一隅可以偏安，人类社会第一次真正形成了全球化
2013/60-pg19.2_011.txt,1,1,0,
2013/60-pg19.2_012.txt,1,1,0,
2013/60-pg19.2_013.txt,0,1,0,
2013/60-pg19.2_015.txt,1,1,3,这些年，我国之所以能够经受住国际金融危机和世界经济低迷的冲击，战胜严重自然灾害，国民经济保持平稳较快发展，人民生活不断改善，坚持深化经济体制改革是重要原因 || 这次应对国际金融危机冲击，各国对发挥政府作用有了新的认识，我们也有了更加深刻的体会
2013/60-pg19.2_016.txt,0,1,0,
2013/60-pg19.2_017.txt,0,1,2,巩义20多年雄居河南县域经济领头羊宝座，国际金融危机冲击下一度跌到全省第七 || 河南经济曾以平均13%的增速高歌猛进，但受国际金融危机冲击急转直下，2009年1月工业增长仅1%左右，农民工却汹涌返乡近900万人
2013/61-pg19.3_002.txt,1,1,4,袁鹏：冷战结束后，美国成为全球唯一超级大国，这一地位虽经“9·11”恐怖袭击和金融危机冲击，但并未发生根本变化，其全球影响力可谓无处不在 || 许多西方经济学家提出，30年来，美式自由市场资本主义模式在全球被采用，但是自2008年国际金融危机爆发以来，在美国产生了新一轮的对“华盛顿共识”更深刻的反思
2013/61-pg19.3_003.txt,1,0,0,
2013/61-pg19.3_004.txt,0,1,0,
2013/61-pg19.3_005.txt,1,1,0,
2013/61-pg19.3_006.txt,0,1,0,
2013/61-pg19.3_007.txt,1,1,1,改革是中国经济与社会发展的“主发动机”，只要坚定地走改革开放的道路，中国就可以克服前进道路上的困难，正如中国已经克服国际金融危机带来的影响以及其他困难一样
2013/61-pg19.3_008.txt,0,1,0,
2013/61-pg19.3_009.txt,1,1,4,在受到国际金融危机冲击时，通过及时有效的宏观调控，较好地抵御了外部冲击 || 在应对上世纪90年代末期亚洲金融危机冲击中，我国在坚持人民币不贬值的同时，采取努力扩大内需、刺激经济增长的政策，保持了国内经济的健康稳定增长，同时对缓解亚洲经济紧张形势、带动亚洲经济复苏发挥了重要作用
2013/61-pg19.3_010.txt,0,1,0,
2013/61-pg19.3_011.txt,0,1,0,
2013/61-pg19.3_012.txt,0,1,1,这种建立在虚拟经济基础之上的增长模式持续发展，结果就是资产泡沫的周期性膨胀和破裂，金融危机频繁爆发，实体经济的健康发展受到严重影响
2013/61-pg19.3_013.txt,1,1,0,
2013/61-pg19.3_014.txt,0,1,2,"示范区：承担国家自主创新战略重担 

 2008年，国际金融危机波诡云谲，进而冲击中国 || 2009年3月，在国际金融危机冲击最为严峻的时刻，国务院批复同意建设中关村国家自主创新示范区"
2013/61-pg19.3_015.txt,1,1,1,面对国际金融危机冲击，“看不见的手”潜移默化，“看得见的手”精心调控，让风景这边独好
2013/61-pg19.3_017.txt,0,1,1,国际货币基金组织（IMF）非洲局局长萨耶赫接受本报记者采访时表示：“非洲同中国等新兴市场国家的经贸往来不断加强，贸易格局逐渐多元化，可以帮助非洲国家更好地应对国际金融危机造成的影响
2013/62-pg20.1_001.txt,0,1,1,尤其是在应对国际金融危机冲击中，内需的强劲增长有效弥补了外需的不足，对实现经济平稳较快发展起到了极为关键的作用
2013/62-pg20.1_002.txt,0,1,1,尤其是在应对国际金融危机冲击中，内需的强劲增长有效弥补了外需的不足，对实现经济平稳较快发展起到了极为关键的作用
2013/62-pg20.1_003.txt,1,1,0,
2013/62-pg20.1_004.txt,0,1,1,从积极角度讲，国际金融危机的后续影响虽然还未结束，但世界经济正在缓慢回暖
2013/62-pg20.1_005.txt,0,1,0,
2013/62-pg20.1_006.txt,1,1,0,
2013/62-pg20.1_007.txt,0,1,2,全球金融危机作为当前国际金融格局演变中的关键节点，对中国和欧洲在全球金融治理中的角色与作用产生了深远影响 || 另外，国际金融危机以来，全球金融治理参与方增多，会引发现行体系权力分配结构的调整，这也暗含着冲突
2013/62-pg20.1_008.txt,0,1,0,
2013/62-pg20.1_009.txt,1,1,1,十年改革发展，从有效应对国际金融危机冲击到抗击特大自然灾害取得胜利，中国共产党紧紧抓住和用好我国发展的重要战略机遇期，战胜一系列严峻挑战
2013/62-pg20.1_010.txt,0,1,1,“毛里求斯的旅游产品和服务设计上更多针对欧洲人”，汇丰银行毛里求斯分行首席执行官布里斯告诉本报记者说，受国际金融危机影响，欧洲游客数量明显下降，吸引中国游客成为促进毛里求斯旅游业发展的重点
2013/62-pg20.1_011.txt,0,1,0,
2013/62-pg20.1_013.txt,1,1,0,
2013/62-pg20.1_014.txt,0,1,0,
2013/62-pg20.1_015.txt,0,1,0,
2013/62-pg20.1_016.txt,0,1,1,"结构调整先苦后甜，保障型业务“顶大梁” 

 保险业刚刚走过严冬——2010年以来，受国际金融危机影响，国内保险市场保费来源萎缩；资本市场遇冷间接令保险投资收益低迷"
2013/63-pg20.2_001.txt,1,1,1,发展消费金融有助于刺激消费需求，应对国际金融危机冲击
2013/63-pg20.2_003.txt,0,1,1,自2010年以来，澳政府不断收紧签证政策，且对留学生毕业后申请永久或临时居留等都予以政策限制，加之国际金融危机导致澳政府对教育产业拨款减少，澳元汇率的长期走高还促使学费不断上涨等因素，澳国际教育产业频现颓势
2013/63-pg20.2_004.txt,1,1,1,2008年，国际金融危机冲击之下，国内外大量装备制造企业停工减产
2013/63-pg20.2_005.txt,0,1,2,"请看本报深度调查——
作者：许志峰;王珂;吴秋余
时间：2013-10-28

新华社供图 
 

 本报记者　许志峰　王珂　吴秋余 

 编者按 

 “地方债有可能引发债务危机”、“中国地方债比美国金融危机更危险”、“地方债风险一触即发将失控”……地方债问题已经引起广泛关注，众说纷纭 || ”贾康说，诸如为抵御金融危机冲击而兴办的投资项目和经济增长点建设，加快城乡基础设施建设、兴建大型公益项目和改善市容市貌等"
2013/63-pg20.2_006.txt,1,1,1,在应对国际金融危机过程中，我们进一步认识到这场金融危机实质上冲击的是我国的经济发展方式
2013/63-pg20.2_007.txt,1,1,0,
2013/63-pg20.2_008.txt,0,1,1,此外，由西方所引发的国际金融危机影响犹在，中国与其邻国在金融领域更应当紧密合作，开发出更大的潜能
2013/63-pg20.2_009.txt,0,1,1,2008年国际金融危机爆发后，当时的澳大利亚工党政府推出了大规模的刺激措施，以缓冲全球经济下滑对澳国内经济的负面影响，澳政府债务占GDP的比例也因此从接近于零上升至10%左右
2013/63-pg20.2_010.txt,1,1,0,
2013/63-pg20.2_012.txt,1,1,0,
2013/63-pg20.2_013.txt,0,1,1,统计数据显示，尽管受国际金融危机影响，多数东盟国家的经济增长于2009年有所放缓，但总体上，在2005年至2012年间，东盟10国的GDP始终保持增势
2013/63-pg20.2_014.txt,1,1,1,他说，当前世界经济继续缓慢复苏，但国际金融危机深层影响远未消除，还存在许多不稳定不确定因素
2013/63-pg20.2_015.txt,0,1,1,过去五年，在国际金融危机的冲击下，许多亚太国家都经历了巨大挑战，亚太国家要激发新的活力，不仅需要大力推动开放、切实加强合作，更需要锐意推进改革，对内调整阻碍创新发展的体制机制，对外取消国家之间的繁文缛节和贸易壁垒
2013/63-pg20.2_016.txt,1,1,4,"本报记者 丁大伟摄 
 

 王怀宇 孙彦红 

 作为欧盟经济的中坚力量，中小企业不可避免地受到国际金融危机、欧债危机的强烈冲击 || 欧洲的金融体系整体上由银行业主导，金融危机爆发后，去杠杆化、债务重组等严重影响了银行的放贷能力，企业融资环境异常艰难，中小企业尤甚"
2013/63-pg20.2_017.txt,0,1,1,"” 

 与此相映照的是这样一组镜头：2008年底，国际金融危机来势汹涌，面对猛烈冲击，中国工会发起了企业与职工的“共同约定行动”：企业承诺不裁员、少裁员，不减薪、少减薪；职工决心坚守本职岗位、主动献计出力，与企业同舟共济、共渡难关"
2013/64-pg20.3_001.txt,1,1,0,
2013/64-pg20.3_004.txt,1,1,1,事实上，持续已久的国际金融危机，早已触动了欧盟及其成员国对实体经济与虚拟经济、工业与服务业关系的进一步深刻反思
2013/64-pg20.3_005.txt,0,1,1,当前，国际金融危机深层次影响仍未消除，跨境金融风险不可忽视；主要发达经济体结构性问题远未解决，加强宏观经济政策协调必要性突出；一些亚太新兴市场经济体面临的外部风险和压力增大，金融市场波动，经济增速放缓；世界贸易组织多哈回合谈判进展缓慢，贸易和投资保护主义有新的发展
2013/64-pg20.3_006.txt,0,1,1,面对国际经济金融危机持续反复发酵，我们积极构建地区和多双边自贸体系，大力推进周边互联互通，主动参与国际经济金融体制调整，不断增强我国对全球经济治理的发言权和影响力，为促进国内经济发展，拓展我国海外利益创造更为稳定良好的条件和环境
2013/64-pg20.3_007.txt,1,0,0,
2013/64-pg20.3_009.txt,1,1,2,在美国次贷危机引发国际金融危机5年之后，国际金融体系相关改革进展如何 || IMF接受亚洲金融危机政策应对错误的教训，更积极关注于对欧元区危机和金融危机重灾国的救助方案
2013/64-pg20.3_010.txt,0,1,1,东盟与中日韩合作产生于亚洲金融危机之际，又经过应对国际金融危机冲击的洗礼，对本地区经济稳定发挥了重要作用
2013/64-pg20.3_011.txt,0,1,1,李克强在讲话中说，东盟与中日韩合作诞生于亚洲金融危机之际，又经过应对国际金融危机冲击的洗礼，对促进地区经济稳定发挥了重要作用，为推动东亚和世界经济增长作出了积极贡献
2013/64-pg20.3_012.txt,0,1,1,李克强在讲话中说，东盟与中日韩合作诞生于亚洲金融危机之际，又经过应对国际金融危机冲击的洗礼，对促进地区经济稳定发挥了重要作用，为推动东亚和世界经济增长作出了积极贡献
2013/64-pg20.3_013.txt,0,1,1,国际贸易形势直接决定了新加坡的经济增长，所以1997年亚洲金融危机、2001年全球电子业下滑以及2008年国际金融危机都对新加坡贸易出口、经济增速带来直接影响
2013/64-pg20.3_014.txt,1,1,0,
2013/64-pg20.3_016.txt,0,1,0,
2014/30-pg9.3_001.txt,0,1,0,
2014/30-pg9.3_002.txt,1,1,0,
2014/30-pg9.3_003.txt,1,1,0,
2014/30-pg9.3_004.txt,1,1,0,
2014/30-pg9.3_005.txt,0,1,0,
2014/30-pg9.3_006.txt,1,1,0,
2014/30-pg9.3_008.txt,0,1,0,
2014/30-pg9.3_009.txt,0,1,0,
2014/30-pg9.3_010.txt,0,1,0,
2014/30-pg9.3_011.txt,1,1,1,国家新闻出版广电总局出版管理司司长张福海在讲话中指出，面对当前海外图书发行所面临的数字化挑战、人民币升值压力、互联网、新媒体蓬勃发展、可供海外销售品种仍然有限、国际金融危机影响等因素，总局将通过加大对渠道拓展工程扶持力度、扩大经典中国海外出版项目资助范围、实施版权输出全面资助政策、实施丝路书香工程以及扩大中华图书特殊贡献奖获奖范围等措施对图书对外发行工作给与支持
2014/30-pg9.3_013.txt,0,1,0,
2014/30-pg9.3_014.txt,0,1,0,
2014/30-pg9.3_015.txt,0,1,0,
2014/30-pg9.3_016.txt,1,1,2,国际金融危机对欧、美银行体系都造成了重大冲击 || 存款保险在我国起步虽不算早，决策层却早有洞察，在多年潜心研究和比较分析，特别是有机会充分借鉴了国际金融危机中正反两方面的经验教训之后，相对于一些正在反思和重建的国家，在趋势和理念上我们有可能后发而先至
2014/30-pg9.3_017.txt,1,1,1,国际金融危机的经验表明，纯粹的“付款箱”模式只能事后被动赔付，缺乏对问题银行进行早期干预和风险处置的能力
2014/30-pg9.3_018.txt,1,1,0,
2014/30-pg9.3_019.txt,0,1,0,
2014/31-pg10.1_001.txt,0,1,3,特别是受金融危机影响，西方一些国家的选民疲于赚钱糊口，对选举政治的热情日益降温 || 在国际金融危机的冲击下，持续低迷的经济境况使得民众对欧盟机构及其领导人的工作效率以及执政能力产生诸多不满
2014/31-pg10.1_002.txt,1,1,0,
2014/31-pg10.1_003.txt,0,1,0,
2014/31-pg10.1_004.txt,0,1,0,
2014/31-pg10.1_005.txt,0,1,0,
2014/31-pg10.1_006.txt,0,1,0,
2014/31-pg10.1_007.txt,0,1,0,
2014/31-pg10.1_008.txt,0,1,1,新西兰人士普遍认为，借中国经济增长的东风，新西兰在一定程度上抵御了国际金融危机的影响
2014/31-pg10.1_009.txt,1,1,1,反恐战争、国际金融危机、欧美债务危机、新兴市场国家群体崛起、西亚北非局势动荡等重大事件频发；世界多极化、经济全球化、网络普及化等发展前所未有，深刻地影响了全球政治、经济、文化、生态等诸多方面
2014/31-pg10.1_010.txt,0,1,0,
2014/31-pg10.1_011.txt,0,1,0,
2014/31-pg10.1_012.txt,0,1,0,
2014/31-pg10.1_013.txt,1,1,1,”新西兰工党议员戈夫曾参加新中自贸协定谈判与签署，他对本报记者表示，新西兰借中国经济增长的东风，在一定程度上抵御了国际金融危机的影响
2014/31-pg10.1_015.txt,0,1,0,
2014/32-pg10.2_001.txt,0,1,0,
2014/32-pg10.2_002.txt,1,0,0,
2014/32-pg10.2_003.txt,1,0,0,
2014/32-pg10.2_004.txt,0,1,0,
2014/32-pg10.2_006.txt,1,0,0,
2014/32-pg10.2_007.txt,1,1,0,
2014/32-pg10.2_008.txt,1,1,0,
2014/32-pg10.2_009.txt,0,1,0,
2014/32-pg10.2_010.txt,0,1,0,
2014/32-pg10.2_011.txt,1,1,0,
2014/32-pg10.2_012.txt,0,1,1,近年来，东亚国家同舟共济，克服国际金融危机影响，保持地区稳定和经济增长势头，继续为世界繁荣发展作出贡献
2014/32-pg10.2_014.txt,1,1,0,
2014/32-pg10.2_015.txt,1,1,0,
2014/33-pg10.3_001.txt,1,1,1,尽管受国际金融危机冲击，近十年来，中尼双边贸易仍然逆势增长
2014/33-pg10.3_002.txt,0,1,0,
2014/33-pg10.3_003.txt,0,1,0,
2014/33-pg10.3_005.txt,1,1,1,国际金融危机深层次影响尚未消除，贸易和投资保护主义却在上升
2014/33-pg10.3_006.txt,1,1,0,
2014/33-pg10.3_007.txt,1,0,0,
2014/33-pg10.3_008.txt,1,0,1,在后国际金融危机时期，我们既要抓住经济增长这个核心，加强宏观政策协调，又要妥善应对流行性疾病、粮食安全、能源安全等全球性问题，以信息共享增进彼此了解，以经验交流分享最佳实践，以沟通协调促进集体行动，以互帮互助深化区域合作
2014/33-pg10.3_009.txt,1,1,0,
2014/33-pg10.3_010.txt,1,1,0,
2014/33-pg10.3_012.txt,0,1,0,
2014/33-pg10.3_013.txt,1,1,1,国际金融危机后续影响尚未完全消除，一些经济体的复苏仍然脆弱，亚太经济提高质量和效益任务艰巨，新旧增长点转换任务艰巨
2014/33-pg10.3_014.txt,1,1,1,"” 

 通过亚洲互联互通建设，开拓人民观察世界、放飞理想的窗口，拓宽人民脱贫致富的道路 

 当前，国际金融危机影响犹存，外部需求不足，对资本、市场和技术的竞争日趋激烈"
2014/33-pg10.3_016.txt,0,1,1,当前，国际金融危机影响犹存，外部需求不足，对资本、市场和技术的竞争日趋激烈，亚洲国家面临不进则退的压力
2014/33-pg10.3_017.txt,0,1,1,当前，国际金融危机影响犹在，世界经济和国际贸易增速放缓
2014/33-pg10.3_018.txt,0,1,0,
2014/33-pg10.3_019.txt,0,1,0,
2014/34-pg10.4_001.txt,1,1,0,
2014/35-pg11.1_001.txt,0,1,0,
2014/35-pg11.1_002.txt,0,1,0,
2014/35-pg11.1_003.txt,1,1,1,前几年，为应对国际金融危机冲击，我国出台一揽子刺激政策，为我国经济稳健增长和世界经济复苏作出重大贡献
2014/35-pg11.1_004.txt,0,1,0,
2014/35-pg11.1_005.txt,1,1,1,中国积极推动互联互通建设，与亚太国家一起抵御了国际金融危机影响
2014/35-pg11.1_006.txt,0,1,0,
2014/35-pg11.1_007.txt,1,1,0,
2014/35-pg11.1_008.txt,1,1,5,"作用与风险 

 建立多层次金融安全网，但国际金融危机特别是欧债危机的教训显示，制度本身也存在道德风险 

 建立和完善存款保险制度，一是有利于保护存款人特别是中低收入存款人的利益，增强其对银行业的信心 || 可以说，如果没有联邦存款保险制度，美国金融危机的影响会更加严重"
2014/35-pg11.1_009.txt,0,1,0,
2014/35-pg11.1_010.txt,1,1,0,
2014/35-pg11.1_011.txt,1,1,2,第四，国际金融危机和欧洲主权债务危机之后，国际经济环境出现了新变化特别是发达国家意识到服务业过度发展、产业空心化等结构性问题，一方面试图实现再工业化，另一方面加紧推行贸易保护主义措施，使得国际经济竞争日趋激烈，国际经济环境日益严峻，这会对我国经济形成较长期的影响 || 第三，在应对国际金融危机过程中我们采取的一系列刺激经济的措施，对抵御国际金融危机冲击、拉动国内需求、保持我国经济适度较快增长起到了重要作用
2014/35-pg11.1_012.txt,1,1,1,国际金融危机冲击前后的2008年和2009年，年内波动幅度分别是3.6和4.7个百分点，2010年—2013年分别是2.5、0.9、0.5、0.3个百分点，今年前三季度波动幅度只有0.2个百分点
2014/35-pg11.1_013.txt,0,1,1,2008年，是国际金融危机冲击下外贸出口下滑比较严重的年份
2014/35-pg11.1_014.txt,0,1,4,很多分析认为，欧洲经济一副疲态，主要是因为金融危机冲击太深 || 其实，复苏不振固然和金融危机影响深重关系密切，但根本原因还在于，欧洲经济没有跟上全球经济大转型的步伐，落伍了
2014/35-pg11.1_015.txt,0,1,1,自国际金融危机以来，世界经济增长疲软乏力，导致原油需求不振，多个国际机构下调了今明两年的需求预期
2014/35-pg11.1_016.txt,0,1,1,国际金融危机后，西方国家经济不景气，导致国内融资回报率偏低，大量闲置的廉价资金才流入非洲
2014/36-pg11.2_001.txt,0,1,0,
2014/36-pg11.2_002.txt,1,1,1,一是爆发于2008年的国际金融危机引发人们对资本主义制度的危机感；二是西亚北非国家和乌克兰相继发生的动荡说明，机械复制西方体制引发政治失序的教训愈发明显；三是以中国为代表的一些新兴市场国家和发展中国家以自己选择的路径迅速崛起，改变了全球格局
2014/36-pg11.2_003.txt,1,1,1,国际金融危机期间，金砖国家等新兴市场国家不计后果全力以赴帮助美国等西方国家克服危机，而后者在危机后期全身而退时，根本不考虑前者所面临的严重冲击
2014/36-pg11.2_004.txt,0,1,0,
2014/36-pg11.2_005.txt,0,1,0,
2014/36-pg11.2_006.txt,1,1,0,
2014/36-pg11.2_007.txt,1,1,1,当前，从国际看，国际金融危机的深层次影响不断显现，新兴市场国家经济增速普遍下滑，世界经济步入低速增长新常态；从国内看，经济下行风险、产能过剩风险、地方政府债务风险、流动性风险等已影响经济稳定运行
2014/36-pg11.2_008.txt,1,1,0,
2014/36-pg11.2_009.txt,0,1,0,
2014/36-pg11.2_010.txt,0,1,0,
2014/36-pg11.2_011.txt,0,1,0,
2014/36-pg11.2_012.txt,0,1,1,加之国际金融危机已经暴露出虚拟经济与实体经济间的传导方式所存在的严重问题，导致发达国家试图用一两个宏观政策上的妙招促进经济全面增长变得异常困难
2014/36-pg11.2_013.txt,0,1,0,
2014/36-pg11.2_014.txt,0,1,0,
2014/36-pg11.2_015.txt,0,1,1,十年间，东风始终坚持走内涵式发展道路，坚持经营质量优先，强调盈利性增长，产品结构更加合理，乘用车、商用车比例由曾经的3∶7调整为7∶3；经营质量显著提升，东风产销量、综合市场占有率、销售收入、上缴税费等稳步增长；企业抗风险能力显著加强，战胜国际金融危机和其他不利因素带来的冲击；全面完成国务院国资委各项考核指标，连续三届被评为全国文明单位
2014/37-pg11.3_001.txt,0,1,0,
2014/37-pg11.3_002.txt,0,1,1,2008年国际金融危机中，美国大多数行业都受到严重冲击，唯独游戏行业保持了两位数的强劲增长
2014/37-pg11.3_004.txt,1,0,0,
2014/37-pg11.3_006.txt,0,1,0,
2014/37-pg11.3_007.txt,0,1,0,
2014/37-pg11.3_008.txt,1,1,1,当前，国际金融危机深层次影响还未消除，形形色色的保护主义明显升温，地缘政治形势紧张，地区热点此起彼伏，霸权主义、强权政治和新干涉主义有所上升
2014/37-pg11.3_009.txt,0,1,1,2008年国际金融危机以来，中国成功应对危机冲击，实施负责任的经济金融政策，保持国内经济社会大局稳定，扮演了世界经济稳压器的角色
2014/37-pg11.3_010.txt,0,1,0,
2014/37-pg11.3_011.txt,0,1,2,美国经济发展缓慢，欧洲经济规模仍然比国际金融危机前要小，导致对中国商品的需求大幅缩减，造成中国出口环境恶化 || 同时，国际金融危机加剧了美国全球影响力衰退的趋势，这一观点得到了广泛认同
2014/37-pg11.3_012.txt,0,1,0,
2014/37-pg11.3_013.txt,0,1,0,
2014/37-pg11.3_014.txt,0,1,1,国际金融危机爆发以来，低息的欧元在一些欧洲国家制造了信贷泡沫，导致其经济大幅下滑，失去了竞争力
2014/37-pg11.3_015.txt,1,1,0,
2014/37-pg11.3_016.txt,1,1,0,
2014/37-pg11.3_017.txt,0,1,0,
2014/37-pg11.3_018.txt,0,1,1,这种债券将不同企业的债券捆绑销售，但会导致债券的风险透明度下降，曾导致2008年的国际金融危机
2014/38-pg12.1_001.txt,1,1,1,6年来，虽然遭遇了国际金融危机的严重冲击，但是天津经济仍然保持了良好的发展势头，年均增速达到15%以上，质量效益不断提高，产业结构明显优化，国际化步伐进一步加快，这些成绩的取得，与夏季达沃斯论坛所发挥的重要作用密不可分
2014/38-pg12.1_002.txt,1,1,0,
2014/38-pg12.1_004.txt,0,1,0,
2014/38-pg12.1_005.txt,0,1,1,"智能手机纷纷升级斗俏 

 受国际金融危机影响，全球消费电子市场仍处复苏阶段，但智能手机表现抢眼"
2014/38-pg12.1_006.txt,1,1,0,
2014/38-pg12.1_007.txt,0,1,1,特别是当前海运发展受国际金融危机的影响，海运业形势严峻，“国务院出台这个文件，对提振信心，凝聚合力，深化海运企业的改革，促进企业转型升级，应该说都具有非常重要的意义和指导作用
2014/38-pg12.1_008.txt,1,1,1,在他的领导下，波兰最先在欧盟国家中摆脱国际金融危机和欧债危机的影响，保持了稳定的经济增长；自乌克兰危机以来，他领导的波兰政府是欧盟中最坚定地要求对俄罗斯予以制裁的政府之一；此外，图斯克还得到德国总理默克尔和英国首相卡梅伦的大力支持
2014/38-pg12.1_010.txt,0,1,1,2008年国际金融危机使世界经济和贸易受到严重冲击，全球航运陷入低谷，巴拿马运河也不例外
2014/38-pg12.1_011.txt,1,1,0,
2014/38-pg12.1_012.txt,1,0,0,
2014/38-pg12.1_013.txt,1,1,0,
2014/38-pg12.1_015.txt,0,1,1,从需求看，国际金融危机后外需扩张放慢，国内制造业投资受产能过剩约束增幅回落，房地产投资受市场深度调整影响增长放缓，基础设施建设仍有很大空间，但增加投入受到地方政府负债水平上升制约增速放缓；从供给看，劳动年龄人口数量减少，储蓄率和投资率趋于下降，土地和能源资源供需发生变化，环境约束强化，原有的低成本优势减弱
2014/38-pg12.1_016.txt,0,1,0,
2014/39-pg12.2_001.txt,0,1,0,
2014/39-pg12.2_002.txt,0,1,1,在世界经济复苏缓慢态势下，金融风险的再度累积引发了人们对金融危机卷土重来的担忧
2014/39-pg12.2_003.txt,1,1,1,2008年国际金融危机对我国经济发展造成负面影响，特别是一些企业的资金链断裂，一些企业老板恶意‘跑路’，企图一跑了之
2014/39-pg12.2_005.txt,0,1,1,2008年国际金融危机爆发后，中国为世界经济度过危机发挥了重要作用，这让全世界都看到了中国对世界经济的影响力
2014/39-pg12.2_006.txt,0,1,0,
2014/39-pg12.2_007.txt,1,1,0,
2014/39-pg12.2_008.txt,1,1,0,
2014/39-pg12.2_009.txt,1,1,0,
2014/39-pg12.2_012.txt,1,1,0,
2014/39-pg12.2_013.txt,1,1,1,在成功经受住国内外政治风波严峻考验和亚洲金融危机冲击的同时，改革开放进入一个着力构建社会主义市场经济体制基本框架的新阶段
2014/39-pg12.2_014.txt,1,0,0,
2014/39-pg12.2_015.txt,0,1,0,
2014/39-pg12.2_016.txt,0,1,1,蒙古国提出“矿业兴国”发展战略，使其在受国际金融危机影响的情况下仍保持良好发展势头
2014/40-pg12.3_001.txt,1,1,0,
2014/40-pg12.3_003.txt,1,1,1,此外，因受到国际金融危机和欧债危机等不利因素影响，许多欧洲电网企业无意愿也无能力新建输电线路
2014/40-pg12.3_006.txt,1,1,2,然而，德国的房地产市场平稳地度过了国际金融危机和欧债危机，几乎没有留下受危机影响的痕迹 || 总体来看，德国房地产市场的有效调控模式得到了国际金融危机和欧债危机的双重考验，从这个意义上说，德国的房地产市场发展经验值得肯定
2014/40-pg12.3_009.txt,0,1,0,
2014/40-pg12.3_010.txt,0,1,1,国家发改委的分析认为，受国际金融危机的持续影响，目前各地区经济下行压力仍然较大，东北地区深层次问题凸显，西部地区总体发展形势不容乐观，但地区经济增长格局仍然呈现出“东部缓中趋稳，中部稳中有进，西部稳中有忧，东北降幅较大”的总体特征
2014/40-pg12.3_011.txt,0,1,1,"“伪价值化”的西方民主扩张失灵是注定的结果 

 西方民主的失灵是2008年国际金融危机爆发以来人们关注的话题"
2014/40-pg12.3_012.txt,0,1,1,虽然近两年来，受国际金融危机影响，印度经济增速有所放缓，但作为一个庞大的经济体，其发展潜力巨大
2014/40-pg12.3_013.txt,0,1,0,
2014/40-pg12.3_014.txt,1,1,1,但由于近年来人们环保理念增强、燃油效率不断提高以及国际金融危机影响，再加上增税在美国属于敏感话题，燃油税已近20年未上调，因而燃油税收入整体呈下降趋势，这使得高速公路信托基金面临较大资金缺口
2014/40-pg12.3_015.txt,0,1,0,
2014/40-pg12.3_016.txt,0,1,0,
2014/40-pg12.3_018.txt,0,1,1,自金融危机爆发以来，由于越来越多因求职受挫而气馁的人放弃了寻找工作的努力，导致美国的劳动参与率持续下降
2014/40-pg12.3_019.txt,1,0,0,
2014/41-pg13.1_001.txt,0,1,1,然而，受伊拉克和阿富汗两场战争以及国际金融危机的影响，美国在全球事务中的领导者角色近年来受到普遍质疑
2014/41-pg13.1_002.txt,0,1,0,
2014/41-pg13.1_003.txt,0,1,1,为了应对国际金融危机带来的冲击，企业需要寻求更多银行之外的融资方式，同时刺激政策也带来了大量的信贷投放，这些资金需要找到合适的投资方向，导致影子银行开始迅猛发展
2014/41-pg13.1_004.txt,1,1,0,
2014/41-pg13.1_005.txt,0,1,4,"货币政策对经济稳中向好的作用
作者：吴小丹;周长
时间：2014-07-25

吴小丹 周 长 

 2008年以来，我国经济经历了自身周期性调整、结构性调整以及国际金融危机冲击等多重不利因素的叠加影响 || 但2008年9月以后，国际金融危机急剧恶化，对我国经济的冲击更加猛烈"
2014/41-pg13.1_006.txt,0,1,0,
2014/41-pg13.1_007.txt,0,1,1,"资料图片 
 

 王展鹏 国际金融危机的爆发、欧债危机的持续发酵、新兴市场国家与发展中国家的群体性崛起，都加速了国际权力转移的进程，包括英国在内的西方大国的传统影响力遇到新的挑战"
2014/41-pg13.1_008.txt,0,1,0,
2014/41-pg13.1_009.txt,0,1,1,“这样的回落，与2008年、2009年受国际金融危机冲击时有很大不同，那时候整个经济运行受到很大影响，大家心里都没底
2014/41-pg13.1_010.txt,0,1,0,
2014/41-pg13.1_011.txt,1,1,1,这套制度不仅极大地保护了客户资金安全，震慑了市场操纵、欺诈等违法违规行为，而且基本做到了风险可测、可控，守住了防范系统性风险的底线，并成功地抵御了2008年金融危机对我国期货市场的巨大冲击
2014/41-pg13.1_012.txt,1,1,0,
2014/41-pg13.1_013.txt,1,1,0,
2014/41-pg13.1_014.txt,1,1,1,国际金融危机影响深远，世界经济增长不稳定不确定因素增多，全球发展不平衡加剧，霸权主义、强权政治和新干涉主义有所上升，局部动荡频繁发生，粮食安全、能源资源安全、网络安全等全球性问题更加突出
2014/41-pg13.1_015.txt,1,1,1,同时，世界经济仍未完全摆脱国际金融危机影响，国际社会期待金砖国家继续保持发展势头
2014/41-pg13.1_016.txt,0,1,0,
2014/42-pg13.2_001.txt,0,1,0,
2014/42-pg13.2_002.txt,1,1,0,
2014/42-pg13.2_003.txt,0,1,1,2008年发源于美国的国际金融危机，引发了2008年第四季度大量资本流入美元资产
2014/42-pg13.2_004.txt,0,1,1,国际金融危机深层次影响还未消除，形形色色的保护主义明显升温
2014/42-pg13.2_006.txt,0,1,0,
2014/42-pg13.2_007.txt,1,1,0,
2014/42-pg13.2_008.txt,0,1,0,
2014/42-pg13.2_009.txt,0,1,1,2008年国际金融危机爆发时，很多国家的经济都受到影响，出现了非常大的波动，但中国经济相对稳定，其日益增长的进口需求帮助巴西等很多发展中国家平稳度过了这一艰难时刻，中国由此成为世界力量的重要一极，金砖国家在世界舞台上的地位也变得日益重要
2014/42-pg13.2_010.txt,1,1,1,国际金融危机爆发以来，世界经济深度调整，复苏过程充满艰难曲折，导致出口和吸引外资对我国经济增长的拉动作用明显弱化
2014/42-pg13.2_011.txt,1,1,3,一是受国际金融危机影响较小 || 制造业产业关联度高，需求弹性大，因此，2008年以来的国际金融危机对全球制造业需求影响较大
2014/42-pg13.2_012.txt,1,0,0,
2014/42-pg13.2_013.txt,1,1,1,"结束语 

 当前，国际金融危机的影响仍未消退，发展中国家特别是最不发达国家消除贫困与实现发展的任务依然艰巨"
2014/42-pg13.2_014.txt,0,1,0,
2014/42-pg13.2_015.txt,1,1,1,"结束语 

 当前，国际金融危机的影响仍未消退，发展中国家特别是最不发达国家消除贫困与实现发展的任务依然艰巨"
2014/42-pg13.2_016.txt,1,1,0,
2014/42-pg13.2_017.txt,0,1,0,
2014/43-pg13.3_001.txt,1,1,1,两国继续携手应对国际金融危机影响，努力推动世界经济复苏
2014/43-pg13.3_002.txt,1,0,0,
2014/43-pg13.3_004.txt,1,1,0,
2014/43-pg13.3_005.txt,0,1,1,为抵御国际金融危机的冲击，我国出台了经济刺激政策
2014/43-pg13.3_006.txt,1,1,0,
2014/43-pg13.3_007.txt,1,1,1,在国际金融危机深层次影响尚未完全消除的情况下，中韩还应该同舟共济、携手努力，共同引领地区发展，为亚洲繁荣和振兴作出贡献
2014/43-pg13.3_008.txt,0,1,1,但是，随着服装业的饱和，以及国际金融危机的冲击，工业缝纫机的需求也大幅下挫
2014/43-pg13.3_009.txt,0,1,1,其三，英国朝野对外语的重视程度不够，尤其在国际金融危机影响下，不少学校由于经费削减纷纷停止外语教学
2014/43-pg13.3_010.txt,1,0,0,
2014/43-pg13.3_011.txt,0,1,0,
2014/43-pg13.3_012.txt,0,1,0,
2014/43-pg13.3_013.txt,0,1,1,2008年国际金融危机爆发后，受冲击最大的正是这类出口企业
2014/43-pg13.3_014.txt,0,1,0,
2014/43-pg13.3_015.txt,0,1,0,
2014/43-pg13.3_016.txt,1,1,1,"” 

 2008年国际金融危机的冲击，让靠外贸起家的东莞厚街镇损失惨重……当地一批企业痛定思痛转向国内市场，政府也积极扶持企业由贴牌代工转向自营品牌"
2014/43-pg13.3_017.txt,0,1,0,
2014/43-pg13.3_018.txt,1,1,2,国际金融危机爆发后，国际社会在金融监管改革方面取得了一些共识，其中大银行“太大而不能倒”引发的系统性金融风险和道德风险，成为少数达成共识的领域之一 || 事实上，2008年爆发的国际金融危机，就是由雷曼这样一家系统重要性机构的倒闭所引发的
2014/44-pg14.1_001.txt,1,0,0,
2014/44-pg14.1_002.txt,1,0,0,
2014/44-pg14.1_003.txt,1,0,0,
2014/44-pg14.1_005.txt,0,1,0,
2014/44-pg14.1_006.txt,0,1,1,要克服国际金融危机的负面影响，恢复投资者信心至关重要，为此必须进行结构性改革，更好调动市场主体特别是私营部门的投资积极性
2014/44-pg14.1_007.txt,0,1,0,
2014/44-pg14.1_008.txt,1,1,0,
2014/44-pg14.1_009.txt,1,1,1,"各自为战，合作亦不可少（观点）
作者：张明
时间：2014-06-16

张 明 

 2008年爆发的国际金融危机对经济的影响，本质上是金融长周期步入衰退阶段造成的资产负债表型金融衰退"
2014/44-pg14.1_010.txt,0,1,1,"其他金砖国家 无法像危机之前那样继续依赖外需增长，结构改革进程呈现不同风景 

 国际金融危机爆发后，新兴市场国家，特别是此前外需依赖程度较高的，受发达国家经济增长放缓的影响较为严重"
2014/44-pg14.1_011.txt,0,1,1,由于采矿业为南非经济的支柱产业之一，受持续罢工影响，南非统计局上月底公布的数据显示，第一季度实际国内生产总值萎缩0.6%，这也是自2009年国际金融危机以来南非经济首次出现萎缩
2014/44-pg14.1_012.txt,0,1,1,美国2006年前房价的大幅上涨及次贷引发的房价大跌，诱发了全球性的金融危机
2014/44-pg14.1_013.txt,0,1,0,
2014/44-pg14.1_014.txt,0,1,0,
2014/44-pg14.1_015.txt,1,1,1,很多事后分析指出，“两房”在次贷危机爆发前大肆收购或担保收益率高但风险极大的私人抵押贷款证券，最终导致次贷危机爆发，引发国际金融危机，给全球经济带来深重灾难
2014/44-pg14.1_016.txt,1,1,3,1997年亚洲金融危机爆发并迅速蔓延，港元受到国际投机势力狙击，香港金融市场动荡，与美元挂钩的联系汇率制度遭受冲击，金融体系的稳定受到严重威胁 || 2003年上半年，非典疫情肆虐香港，不仅危及香港同胞的生命健康，而且使尚未完全摆脱亚洲金融危机影响的香港经济雪上加霜，通货紧缩，市场萧条，失业率上升至8.7%
2014/45-pg14.2_001.txt,1,1,3,1997年亚洲金融危机爆发并迅速蔓延，港元受到国际投机势力狙击，香港金融市场动荡，与美元挂钩的联系汇率制度遭受冲击，金融体系的稳定受到严重威胁 || 2003年上半年，非典疫情肆虐香港，不仅危及香港同胞的生命健康，而且使尚未完全摆脱亚洲金融危机影响的香港经济雪上加霜，通货紧缩，市场萧条，失业率上升至8.7%
2014/45-pg14.2_002.txt,1,1,3,1997年亚洲金融危机爆发并迅速蔓延，港元受到国际投机势力狙击，香港金融市场动荡，与美元挂钩的联系汇率制度遭受冲击，金融体系的稳定受到严重威胁 || 2003年上半年，非典疫情肆虐香港，不仅危及香港同胞的生命健康，而且使尚未完全摆脱亚洲金融危机影响的香港经济雪上加霜，通货紧缩，市场萧条，失业率上升至8.7%
2014/45-pg14.2_003.txt,1,1,3,1997年亚洲金融危机爆发并迅速蔓延，港元受到国际投机势力狙击，香港金融市场动荡，与美元挂钩的联系汇率制度遭受冲击，金融体系的稳定受到严重威胁 || 2003年上半年，非典疫情肆虐香港，不仅危及香港同胞的生命健康，而且使尚未完全摆脱亚洲金融危机影响的香港经济雪上加霜，通货紧缩，市场萧条，失业率上升至8.7%
2014/45-pg14.2_004.txt,0,1,0,
2014/45-pg14.2_006.txt,0,1,1,"英国金融系统性风险降至2008年以来最低
作者：黄培昭
时间：2014-06-10

本报伦敦6月9日电 （记者黄培昭）英国央行英格兰银行9日发布报告认为，英国金融系统短期和中期遭受大冲击性不测事件的概率持续下降，已降至2008年国际金融危机爆发以来的历史最低位"
2014/45-pg14.2_007.txt,1,0,1,国际金融危机发生以来，一些国家也在反思过度依赖消费的发展模式，开始重视投资，鼓励资金流向实体经济和基础设施建设
2014/45-pg14.2_009.txt,0,1,0,
2014/45-pg14.2_010.txt,1,0,0,
2014/45-pg14.2_011.txt,0,1,0,
2014/45-pg14.2_013.txt,1,1,9,"人民视觉 
 

 新自由主义是导致2008年爆发的国际金融危机的重要原因 || 国际金融危机的爆发和影响的长期性，充分暴露了新自由主义的局限性和弊端，已呈现“落花流水春去也”的颓势 

 王义桅（中国人民大学国际事务研究所所长） 

 李文（中国社科院亚太与全球战略研究院副院长） 

 弗雷德里克·博卡拉（法国经济学家、巴黎第十三大学教授） 

 孔诰烽（美国约翰·霍普金斯大学社会学系副教授） 

 叶甫盖尼·阿弗德库申（莫斯科大学经济系教授） 

 朱安东（清华大学马克思主义学院副教授） 

 尼·安德鲁（巴西利亚大学市场监管研究中心教授） 

 戴维·弗莱舍（巴西利亚大学国际关系教授） 

 在经济理论方面，新自由主义将对自由化、私有化和市场化的推崇推向极端，20世纪80年代末90年代初以来，随着“华盛顿共识”的形成与推行而盛极一时 

 王义桅：作为一种思想流派，新自由主义是在亚当·斯密古典自由主义思想基础上形成和发展起来的，产生于20世纪30年代，以制度框架下的自由取代古典自由主义的放任自流，本身是经济学的一大进步"
2014/45-pg14.2_015.txt,0,1,0,
2014/45-pg14.2_016.txt,0,1,0,
2014/45-pg14.2_017.txt,0,1,0,
2014/45-pg14.2_018.txt,0,1,0,
2014/45-pg14.2_019.txt,0,1,0,
2014/46-pg14.3_002.txt,0,1,1,2008年国际金融危机就是一系列扭曲市场行为累积而成的后果
2014/46-pg14.3_003.txt,1,1,1,"” 

 【采访】中国社会科学院政治学研究所所长 房 宁 

 所以西方自己现在也在反思，包括金融危机以后，他们一个主要的一个认识就是由于长期的这种选举政治，造成了西方的政策它是短期化的，而且是功利化的，选前漫天地许愿，选后呢，实际上又为新的一轮选举做准备，所以它很难顾及一个国家整体的利益和长远的利益，而是为了赢得每一次眼前的选举而不负责任地去开出一些空头支票"
2014/46-pg14.3_006.txt,0,1,1,"全球议事日程的“制定者”，世界经济的“得利者”，原苏联国家关系中的“主导者”，是今日俄罗斯的国际定位 

 2008年国际金融危机后，“国际体系进入深刻调整的新阶段，世界需要新的发展哲学、美国的影响正在下降、西方对全球化的主导、多中心国际秩序进一步增强”等观念一度成为俄罗斯国际战略观的核心内容"
2014/46-pg14.3_007.txt,0,1,0,
2014/46-pg14.3_008.txt,1,1,1,由于2008年国际金融危机爆发加上欧债危机的影响，与其他领域显示出对“走出去”更加积极的热情相比，中国金融业表现的格外谨慎
2014/46-pg14.3_009.txt,0,1,3,"这些数据在一定程度上反映出金融危机对全球企业并购市场的消极影响，各国企业也因此采取了相对谨慎的投资策略 || 原因 金融危机阴霾制约并购市场扩张，跨国公司整体经营业绩不佳 

 导致近年全球并购市场变化的因素，既有世界经济的发展状况，也有跨国公司战略的变化"
2014/46-pg14.3_013.txt,0,1,0,
2014/46-pg14.3_014.txt,1,1,1,国际金融危机的冲击使一些欧洲国家失业率激增，很多经济和社会问题迟迟得不到解决，让不少人失去了对政府以及欧盟的信任，拒绝投票成为表达立场的方式之一
2014/47-pg15.1_001.txt,1,1,0,
2014/47-pg15.1_002.txt,1,1,0,
2014/47-pg15.1_003.txt,1,1,0,
2014/47-pg15.1_004.txt,0,1,0,
2014/47-pg15.1_005.txt,1,0,0,
2014/47-pg15.1_006.txt,0,1,1,奥巴马总统上台后，虽然积极表示要改善美拉关系，强调与拉美的平等伙伴关系，但因受国际金融危机影响，对拉美的投入相当有限
2014/47-pg15.1_007.txt,1,1,0,
2014/47-pg15.1_008.txt,1,1,0,
2014/47-pg15.1_009.txt,0,1,0,
2014/47-pg15.1_010.txt,0,1,0,
2014/47-pg15.1_011.txt,0,1,1,南非央行行长吉尔·马库斯近日表示，国际金融危机对南非造成很大影响
2014/47-pg15.1_012.txt,0,1,0,
2014/47-pg15.1_013.txt,1,0,0,
2014/47-pg15.1_014.txt,0,1,0,
2014/47-pg15.1_015.txt,0,1,1,据介绍，为应对“5·12”汶川特大地震灾害和国际金融危机的冲击，成都市出台了灾后购房入户政策，凡购买商品房（含二手房）面积在70平方米以上的市外人员即可落户
2014/47-pg15.1_016.txt,1,1,0,
2014/47-pg15.1_017.txt,0,1,0,
2014/48-pg15.2_001.txt,0,1,1,"” 

 上海自1993年建立最低工资制度以来，除2009年受国际金融危机影响、按照国家统一部署未作调整外，每年都调整最低工资标准，今年已是第二十一次调整"
2014/48-pg15.2_002.txt,1,1,1,发达国家情况有所好转，但其在这次国际金融危机中暴露的制度性、结构性缺陷不是短期内能修复的，其量化宽松政策退出是影响全球经济金融稳定的最大不确定因素
2014/48-pg15.2_003.txt,0,1,0,
2014/48-pg15.2_004.txt,0,1,0,
2014/48-pg15.2_005.txt,0,1,0,
2014/48-pg15.2_007.txt,0,1,0,
2014/48-pg15.2_008.txt,1,1,0,
2014/48-pg15.2_010.txt,0,1,1,国际金融危机后，发达经济体纷纷出台量化宽松货币政策，造成全球低利率、宽流动性，使新兴经济体经常面临脱离本国基本面的资本流动冲击，中国也深受影响
2014/48-pg15.2_011.txt,0,1,0,
2014/48-pg15.2_013.txt,0,1,1,2008年美国次债危机引发国际金融危机，中国的积极应对行动，有力稳住了东盟国家的市场
2014/48-pg15.2_014.txt,0,1,0,
2014/48-pg15.2_015.txt,1,1,5,"金融危机只是形式上结束了，其实际影响仍在持续 

 尼古拉斯·博斯特：美国已经走出了金融危机 || 正在创造新高的美国股指也许是金融危机已经结束的信号，然而，美国金融政策的转变对世界经济和金融市场究竟会产生什么影响还是未知数"
2014/48-pg15.2_016.txt,0,1,1,"现在，随着人口红利逐渐减弱，招工难了，工资涨了；在国际金融危机的影响下，订单少了，出口减了；随着国家对资源环境保护的重视，资源环境约束强了…… 

 我们必须正视这个阶段，大环境一变，发展过程中的问题也显现了，这就到了爬坡过坎的时候"
2014/48-pg15.2_017.txt,0,1,1,即使受到国际金融危机影响，该地区经济依然保持了相对良好的发展势头
2014/48-pg15.2_018.txt,0,1,0,
2014/49-pg15.3_001.txt,1,1,2,2008年由美国次贷危机引发的国际金融危机，成为自20世纪30年代大萧条以来全球最为严重的金融危机，其影响至今，是金融监管“失职”的典型例子 || 在欧元区及欧盟制度设计上，危机应对机制和金融稳定机制是缺失的，这导致欧债危机的应对一度被动化、政治化和分散化，直至欧洲稳定机制、长期再融资计划以及直接货币交易计划的实施，才使得欧元区建立了真正的金融危机应对机制、流动性支撑机制以及实质上的最后贷款人制度
2014/49-pg15.3_002.txt,1,0,0,
2014/49-pg15.3_003.txt,1,1,1,"中国金融学的时代使命与发展方向 

 此次国际金融危机后，随着全球经济金融格局的变化和中国国际地位的提高，如何在吸取发达国家经验教训的基础上，立足国情，兼容并蓄地发展中国的金融学，实现教、学、研全面进步，实现金融学建设与国家金融战略和经济发展和谐统一，成为新阶段中国金融学建设与人才培养的核心问题，也客观规定了中国金融学的时代使命与发展方向： 

 在思想理念的转变上，应更加注重解释现实世界的现象与规律"
2014/49-pg15.3_004.txt,1,1,2,美国次贷危机恶化，进而演变为国际金融危机之后，业界与学者努力在金融创新与监管的关系中探寻其成因及经验教训 || 美国次贷危机引发的国际金融危机警示我们：创新尚需适度，必须与市场的接受程度，管理层的监管能力相适应
2014/49-pg15.3_005.txt,1,1,1,2009年2月，国际金融危机威力正劲之际，经合组织公司治理指导小组在一份名为《金融危机带来的公司治理教训》的报告中指出，这场金融危机很大程度上源自一些大型金融公司在风险管控、薪酬设计等领域的内部治理失败
2014/49-pg15.3_006.txt,1,1,0,
2014/49-pg15.3_007.txt,1,1,0,
2014/49-pg15.3_008.txt,1,1,1,随着国内外发展环境的变化，特别是经历国际金融危机的洗礼，我们更深刻地感受到发展阶段转换带来的新冲击，更深刻地感受到发展战略机遇期内涵变化带来的新挑战，更深刻地感受到人民群众对发展质量和发展成果的新期待，从而更加坚定了深化经济体制改革、推进经济转型升级的信心和决心
2014/49-pg15.3_009.txt,0,1,2,然而，像世界其他地区一样，拉美国家不得不直面2008年国际金融危机的冲击，2009年拉美地区GDP增长率为-1.9%，打断了自2003年以来的经济扩张势头，“黄金10年”实际提前终结 || 这场国际金融危机一度对拉美经济造成巨大冲击：出口量大幅减少、投资急剧减少、侨汇收入锐减、经济活动极度疲软
2014/49-pg15.3_010.txt,0,1,0,
2014/49-pg15.3_011.txt,0,1,1,在过去30多年里不仅保持经济高速增长，而且一次又一次有效抵御了金融危机冲击
2014/49-pg15.3_012.txt,1,1,1,时至今日，国际金融危机的影响还没有过去，发达国家宏观政策调整又增加了发展环境的复杂性，部分亚洲国家经济增速下滑、通胀上升，甚至出现资本外流、货币贬值现象，国际上唱衰新兴经济体的声音再起
2014/49-pg15.3_013.txt,0,1,3,奥巴马执政之初，恰值金融危机导致国内经济衰退，加之长期深陷对外战争泥潭，耗费大量人力财力，国力式微、自信心受挫 || 从全球层面看，金融危机引发了关于美国实力及其全球领导地位的质疑和争论
2014/49-pg15.3_014.txt,0,1,0,
2014/49-pg15.3_015.txt,0,1,0,
2014/50-pg16.1_002.txt,0,1,0,
2014/50-pg16.1_003.txt,1,1,1,从世界范围看，2008年爆发的国际金融危机带来深远影响，世界进入经济增长低迷期、治理体系重塑期、新技术革命酝酿期
2014/50-pg16.1_004.txt,0,1,1,在国际金融危机中，中国的强劲增长为其他经济体提供了缓冲，但最近中国增长放缓也开始影响其他新兴市场经济体
2014/50-pg16.1_005.txt,0,1,1,国际金融危机爆发后，欧盟对非影响力不断下降，为维护欧盟在非利益，欧盟正考虑重返非洲
2014/50-pg16.1_006.txt,0,1,0,
2014/50-pg16.1_007.txt,1,1,1,欧盟受国际金融危机影响，遭遇冷战结束以来最严峻的挑战，亟待解决一系列结构性、系统性的深层次问题，但没有改变一体化发展的战略方向
2014/50-pg16.1_008.txt,1,1,0,
2014/50-pg16.1_009.txt,1,1,1,"2008年国际金融危机的爆发及其影响的长期性，使无论是在联合国、二十国集团等国际多边平台上，还是在各国智库、经济学家圈子内，都对上述问题进行深入探讨 

 今年年初，由于美国两党政治斗争，国际货币基金组织（IMF）份额和治理改革方案在美国国会受阻"
2014/50-pg16.1_010.txt,0,1,1,作为非洲最大的经济体，南非经济近年来深受国际金融危机的影响，国内生产总值增幅由2004年至2007年的平均每年5%左右跌至2008年至2012年的2%
2014/50-pg16.1_011.txt,0,1,1,"近日，民建中央调研组赴山东调研——
作者：廖文根
时间：2014-04-02

本报记者 廖文根 

 受国际金融危机的深层次影响，国际市场持续低迷，国内需求增速趋缓，我国部分产业供过于求矛盾日益凸显，传统制造业产能普遍过剩，特别是钢铁、水泥、电解铝等高消耗、高排放行业尤为突出"
2014/50-pg16.1_012.txt,0,1,0,
2014/50-pg16.1_013.txt,1,1,2,当时，国际金融危机影响还在发酵，欧债问题初露端倪，全球经济笼罩在一片不安之中，颇有“黑云压城城欲摧”之感 || 我们为中国同德国和欧洲合作应对国际金融危机冲击取得的成果感到高兴
2014/50-pg16.1_014.txt,1,1,0,
2014/50-pg16.1_015.txt,0,1,0,
2014/50-pg16.1_016.txt,1,1,0,
2014/50-pg16.1_017.txt,0,1,1,“南非网”近日报道称，非洲经济经受住了2008年国际金融危机的冲击，并获得高速增长，这不仅是因为非洲具有丰富的资源基础，更是中产阶级消费能力推动的结果
2014/51-pg16.2_001.txt,0,1,1,国际金融危机在全球范围内引发了反对资本主义的抗议浪潮，并引发了一些无政府主义者的袭击行为，但这些抗议活动与恐怖主义存在极大差别
2014/51-pg16.2_003.txt,0,1,0,
2014/51-pg16.2_004.txt,1,0,0,
2014/51-pg16.2_005.txt,1,1,0,
2014/51-pg16.2_006.txt,0,1,0,
2014/51-pg16.2_007.txt,1,1,1,从全球范围来看，大力发展高端生产性服务业正成为发达经济体应对国际金融危机冲击，构筑未来经济增长的新战略支点
2014/51-pg16.2_008.txt,0,1,0,
2014/51-pg16.2_009.txt,0,1,0,
2014/51-pg16.2_010.txt,0,1,0,
2014/51-pg16.2_011.txt,1,1,1,国际金融危机和欧债危机的冲击使中欧贸易受到了一些影响，中国和欧盟正在通过调整与改革，开发新的经贸合作资源
2014/51-pg16.2_012.txt,0,1,0,
2014/51-pg16.2_013.txt,0,1,0,
2014/51-pg16.2_016.txt,0,1,0,
2014/52-pg16.3_005.txt,0,1,0,
2014/52-pg16.3_006.txt,0,1,0,
2014/52-pg16.3_007.txt,0,1,0,
2014/52-pg16.3_008.txt,0,1,0,
2014/52-pg16.3_009.txt,1,1,0,
2014/52-pg16.3_010.txt,1,1,1,近几年，受金融危机影响，欧洲经济处于比较困难的时期，中国对欧洲经济的复苏给予了力所能及的帮助，采取了一些积极措施，比如购买欧洲重债国的债券等
2014/52-pg16.3_011.txt,1,1,1,在应对国际金融危机严重冲击之后，针对国内外经济大环境的新变化，2012年我国经济增速预期目标下调到7.5%
2014/52-pg16.3_012.txt,0,1,1,"我国创新驱动发展战略取得成效（信息快递）
《二十国集团（G20）国家创新竞争力发展报告（2011—2013）》显示
作者：李延玲
时间：2014-03-10

李延玲 

 日前出版的《二十国集团（G20）国家创新竞争力发展报告（2011—2013）》显示：由于受国际金融危机的持续影响，大部分国家的创新竞争力得分呈下降趋势；在G20成员国中，美国、日本、德国位列国家创新竞争力前三，我国排名第八位"
2014/52-pg16.3_013.txt,0,1,1,“这就是为什么东南亚国家股市汇市受到冲击，却并未酿成金融危机的原因
2014/52-pg16.3_014.txt,0,1,0,
2014/52-pg16.3_015.txt,0,1,1,"经济乍暖还寒 下行风险犹存（当前世界经济形势扫描①）
作者：吴成良;丁刚;吴刚;田泓;范剑青;彭敏
时间：2014-03-07

编者按 

 进入2014年，世界经济乍暖还寒，不稳定不确定因素仍然较多，新兴市场国家经济结构性矛盾凸显，国际金融危机影响的长期性和严重性需要充分重视"
2014/52-pg16.3_016.txt,0,1,0,
2014/52-pg16.3_017.txt,1,0,0,
2014/53-pg17.1_003.txt,0,1,1,甚至在国际金融危机时期，澳大利亚经济因受益于矿产出口也未受到严重影响
2014/53-pg17.1_004.txt,0,1,0,
2014/53-pg17.1_005.txt,0,1,1,他在讲话中肯定了北京市近几年来积极应对国际金融危机冲击、切实转变经济发展方式、大力加强社会建设、打响治理“城市病”攻坚战所取得的成绩，就做好北京发展和管理工作发表了重要意见
2014/53-pg17.1_006.txt,0,1,1,他在讲话中肯定了北京市近几年来积极应对国际金融危机冲击、切实转变经济发展方式、大力加强社会建设、打响治理“城市病”攻坚战所取得的成绩，就做好北京发展和管理工作发表了重要意见
2014/53-pg17.1_007.txt,0,1,1,"当前关键在突破发展瓶颈，实现经济转型，改变受外部环境影响较大的状况 

 森古普塔：2008年国际金融危机爆发后，新兴市场国家在世界经济舞台发挥了关键性作用"
2014/53-pg17.1_009.txt,0,1,0,
2014/53-pg17.1_010.txt,0,1,0,
2014/53-pg17.1_011.txt,0,1,1,例如，在2014年初这一轮资本外逃冲击中，面对新兴市场国家的倡议，美联储明确拒绝通过国际合作处理这种风险，其态度与国际金融危机后发达国家要求新兴市场国家合作截然不同
2014/53-pg17.1_012.txt,1,0,1,吸取国际金融危机的教训，各国和地区纷纷强调回归实体经济
2014/53-pg17.1_013.txt,1,1,0,
2014/53-pg17.1_014.txt,0,1,1,"世界经济发展的规律表明，伴随着世界工厂地位的确立，必然是海运大国的成长 

 在持续5年多的国际金融危机持续影响下，这些成绩的取得，尤为难能可贵"
2014/53-pg17.1_016.txt,0,1,0,
2014/54-pg17.2_002.txt,0,1,0,
2014/54-pg17.2_003.txt,0,1,1,特别是2008年国际金融危机以来，我国采取了一系列重大举措，有效应对各种风险冲击，保持了经济平稳较快发展，催生了这轮有史以来最大的回国潮
2014/54-pg17.2_004.txt,0,1,1,与此同时，国际金融危机爆发后，国际房地产商、设计师和投资公司转向非洲寻求新市场，这导致非洲城市化出现了一种轻率倾向，即大城市跟风比拼“迪拜模式”
2014/54-pg17.2_005.txt,0,1,0,
2014/54-pg17.2_006.txt,0,1,0,
2014/54-pg17.2_007.txt,0,1,0,
2014/54-pg17.2_008.txt,1,1,0,
2014/54-pg17.2_009.txt,0,1,1,"中国踏上了全面深化改革的重要征程，更大的发展动力正在中国蓄势聚合，这是中国的利好，也是世界的利好 

 “由于遭受国际金融危机冲击，冰岛经济一度濒临崩溃，正努力将重心从金融转向渔业、旅游、能源等行业，因此签署加强与中国经济关系的协定十分重要"
2014/54-pg17.2_011.txt,1,1,0,
2014/54-pg17.2_012.txt,0,1,1,国际金融危机爆发后，丹麦和瑞典的房地产市场受到较大冲击，但仍然未调整到合理水平
2014/54-pg17.2_013.txt,1,1,0,
2014/54-pg17.2_014.txt,0,1,0,
2014/54-pg17.2_015.txt,0,1,0,
2014/54-pg17.2_017.txt,1,1,0,
2014/55-pg17.3_002.txt,1,1,0,
2014/55-pg17.3_003.txt,1,1,0,
2014/55-pg17.3_004.txt,1,1,0,
2014/55-pg17.3_005.txt,1,1,0,
2014/55-pg17.3_006.txt,0,1,0,
2014/55-pg17.3_007.txt,0,1,1,国际金融危机清楚地表明，不了解风险，各自应对，会给全球带来灾难性后果
2014/55-pg17.3_008.txt,0,1,0,
2014/55-pg17.3_009.txt,0,1,0,
2014/55-pg17.3_010.txt,1,0,0,
2014/55-pg17.3_011.txt,0,1,2,"人民视觉 
 

 本报驻比利时记者 刘 歌 本报驻英国记者 黄培昭 核心阅读 

 据英国广播公司的最新报道，国际金融危机引发经济衰退5年多来，欧洲许多国家的贫困人口大幅增加 || 伦敦威斯敏斯特大学经济和社会教授普林斯在接受本报记者采访时说，受金融危机影响，英国的贫困现象在过去几年间比较明显，在欧盟成员国比较突出，好在眼下英国走出金融和经济危机阴影的步伐较快"
2014/55-pg17.3_012.txt,0,1,0,
2014/55-pg17.3_013.txt,1,1,3,这是自2008年金融危机以来华尔街与美国金融监管层之间博弈的阶段性结果，标志着美国金融业将迎来更为严格的监管时期 || 国际金融危机后，美国开始反思混业经营体制弊端，于2010年通过《多德—弗兰克华尔街改革和消费者保护法》（简称《多德—弗兰克法案》）
2014/55-pg17.3_014.txt,1,1,0,
2014/55-pg17.3_016.txt,0,1,0,
2014/55-pg17.3_017.txt,1,0,0,
2014/55-pg17.3_018.txt,0,1,2,四年前，金融危机对传统工业大省影响深重 || 河南省从2008年开始部署产业集聚区规划建设，短短几年时间，不仅在应对国际金融危机冲击中发挥了关键性作用，也日益成为河南实现转型发展的新载体和突破口
2014/55-pg17.3_019.txt,0,1,0,
2014/56-pg18.1_001.txt,0,1,1,在国际金融危机中，新兴市场国家受直接冲击较小，却与发达国家一起实施了大规模刺激政策，其结果自然是率先复苏和高速增长
2014/56-pg18.1_002.txt,0,1,0,
2014/56-pg18.1_003.txt,0,1,1,近几年来，受国际金融危机影响，巴西其他产业进入缓慢恢复增长期，但农业一枝独秀，为巴西平稳应对危机做出了贡献
2014/56-pg18.1_004.txt,0,1,0,
2014/56-pg18.1_005.txt,1,1,0,
2014/56-pg18.1_006.txt,1,1,10,"危机反思、道路自信与中国梦
作者：权衡
时间：2014-01-14

上海市中国特色社会主义理论体系研究中心 

 2013年以来，受国际金融危机和欧洲主权债务危机的持续影响，世界经济继续低迷，全球生产和贸易增长处于近年来的低谷，直到目前复苏和增长仍然处于十分脆弱且不平衡、不稳定的状态 || 对此，我们有必要重新思考和判断国际金融危机，特别是结合西方新自由主义分析国际金融危机发生的原因、实质和后果"
2014/56-pg18.1_007.txt,0,1,0,
2014/56-pg18.1_008.txt,0,1,0,
2014/56-pg18.1_009.txt,0,1,1,从世界看，席卷全球的国际金融危机阴霾未散，新一轮科技革命、产业革命呼之欲出，发达国家力图通过主导国际经贸规则制定主导新一轮经济全球化，抑制新兴市场国家的影响力和发展势头
2014/56-pg18.1_010.txt,0,1,1,"当今世界，大国关系出现重大调整，发展中国家群体性崛起，国际金融危机催生结构性变革，地区动荡混乱复杂，气候变化等全球性问题更加突出…… 

 面对变幻的国际风云，中国领导人以高远的战略眼光、务实的合作举措，统筹国内国际两个大局，开创了中国外交新局面，中国国际地位进一步提升，影响力进一步增强"
2014/56-pg18.1_011.txt,0,1,1,"当今世界，大国关系出现重大调整，发展中国家群体性崛起，国际金融危机催生结构性变革，地区动荡混乱复杂，气候变化等全球性问题更加突出…… 

 面对变幻的国际风云，中国领导人以高远的战略眼光、务实的合作举措，统筹国内国际两个大局，开创了中国外交新局面，中国国际地位进一步提升，影响力进一步增强"
2014/56-pg18.1_012.txt,0,1,0,
2014/56-pg18.1_013.txt,0,1,0,
2014/56-pg18.1_014.txt,0,1,0,
2014/56-pg18.1_015.txt,0,1,0,
2014/56-pg18.1_016.txt,1,1,0,
2014/56-pg18.1_017.txt,1,1,1,比如广东东莞有上千家制造业企业，经历国际金融危机冲击，转型升级成为企业的自主选择也是当地政府的迫切愿望
2014/57-pg18.2_001.txt,1,1,1,另一方面，国际金融危机导致美欧发达经济体企业资金链紧张，企业市场价值大幅缩水，为中国企业通过低成本并购获取先进技术、研发能力、国际品牌和国际销售渠道提供了难得战略机遇
2014/57-pg18.2_002.txt,0,1,1,"监管缺位是骗取出口退税频发的重要原因 

 2008年以来，为应对国际金融危机对外贸的冲击，我国连续多次大范围提高出口退税率，并陆续实施了海关无纸化通关试点等便利企业出口的措施"
2014/57-pg18.2_003.txt,1,1,0,
2014/57-pg18.2_004.txt,0,1,1,2008年，受国际金融危机冲击，拉脱维亚陷入严重的经济衰退，2009年国内生产总值增长率一度达到负17%
2014/57-pg18.2_005.txt,1,0,0,
2014/57-pg18.2_006.txt,1,1,0,
2014/57-pg18.2_007.txt,1,1,0,
2014/57-pg18.2_008.txt,0,1,0,
2014/57-pg18.2_009.txt,0,1,1,美国一向以“新自由主义”市场经济和民主政治傲视天下，但2008年肇始于美国的国际金融危机和2013年美国政府因政治极化而部分关门，让许多崇拜“美国模式”的国家清醒起来，在世界范围内引发对美国的“信任海啸”
2014/57-pg18.2_010.txt,0,1,1,美国一向以“新自由主义”市场经济和民主政治傲视天下，但2008年肇始于美国的国际金融危机和2013年美国政府因政治极化而部分关门，让许多崇拜“美国模式”的国家清醒起来，在世界范围内引发对美国的“信任海啸”
2014/57-pg18.2_011.txt,0,1,0,
2014/57-pg18.2_012.txt,0,1,1,"” 

 南非大学政治学教授德克在接受本报记者采访时表示，与前几年自然灾害和国际金融危机造成难民数量激增的情况相比，马里、中非共和国、刚果（金）、苏丹、南苏丹、索马里等国战乱和冲突加剧是导致今年难民人数激增的主要原因"
2014/57-pg18.2_013.txt,0,1,1,"“重新挂钩”与“新的脱钩”（国际论坛）
作者：迈克尔·斯宾塞;吴成良
时间：2013-12-24

迈克尔·斯宾塞 美国经济更加依赖外需，新兴经济体一定程度上减少了对发达国家需求的依赖 

 国际金融危机影响深远"
2014/57-pg18.2_014.txt,0,1,0,
2014/57-pg18.2_015.txt,1,1,0,
2014/57-pg18.2_016.txt,1,1,0,
2014/57-pg18.2_017.txt,0,1,2,"美国—— 仿佛从未受到金融危机影响 

 圣诞节前夕，纽约的商场热闹非凡 || 米歇尔说，“在纽约仿佛从未感觉到购物激情受金融危机影响"
2015/05-pg2.3_001.txt,0,1,0,
2015/05-pg2.3_002.txt,1,1,1,直到今天，中国仍然秉持和平合作的地区政策，但出现多种作用力在冲击东亚合作进程：地区争议问题突出带来干扰，美国“重返亚太”强调安全议题增加复杂因素，国际金融危机影响着区域发展
2015/05-pg2.3_003.txt,1,1,3,"努力增强金融市场稳定性（势所必然）
当今世界经济发展趋势及其应对（之九）新兴市场经济体仍面临较大外部金融冲击
作者：姚淑梅
时间：2015-10-25

近几年来，国际金融市场持续动荡，一些重大事件如2008年美国次贷危机引发国际金融危机、2012年欧债危机升级、2013年美联储释放退出量化宽松信号、2014年美联储加息预期升温和大宗商品价格暴跌等，均引发新兴市场经济体货币大幅贬值 || 尽管汇率大幅波动对经济增长和金融稳定带来较大冲击，但迄今尚未有新兴市场经济体发生系统性金融危机"
2015/05-pg2.3_004.txt,0,1,0,
2015/05-pg2.3_005.txt,0,1,1,"全球股市波动对我国经济影响有限（审时度势）
当今世界经济发展趋势及其应对（之九）发达国家股市上涨缺乏实体经济基础
作者：殷剑峰
时间：2015-10-25

2008年国际金融危机以来，全球资本市场中出现了一个迥异于1929年大萧条的现象：大牛市"
2015/05-pg2.3_006.txt,1,1,1,在接连遭受国际金融危机和欧债危机等影响之后，欧洲经济总体上前景企稳
2015/05-pg2.3_007.txt,0,1,0,
2015/05-pg2.3_008.txt,1,1,0,
2015/05-pg2.3_009.txt,0,1,0,
2015/05-pg2.3_010.txt,0,1,0,
2015/05-pg2.3_011.txt,1,1,1,受全球市场需求低迷、发达国家“再工业化”、贸易保护主义抬头等因素叠加影响，国际贸易呈现金融危机以来的低速增长态势，我国外贸增速放缓，但仍然高于全球平均水平
2015/05-pg2.3_012.txt,1,1,0,
2015/05-pg2.3_014.txt,0,1,0,
2015/05-pg2.3_016.txt,0,1,0,
2015/05-pg2.3_017.txt,1,0,0,
2015/06-pg2.4_001.txt,1,1,0,
2015/06-pg2.4_005.txt,0,1,2,1998—2007年，我国国内生产总值同比增速由7.8%提高至14.2%，而同期电力消费增速总体上呈现上升的态势；2008年，受国际金融危机冲击，我国经济增速大幅回落，用电量增长也明显回落；在大规模刺激政策的作用下，2009—2010年我国经济增速回升，用电量增长加快；2011—2015年，随着经济增速的回调，用电量增长呈现放缓态势 || 2009年受国际金融危机的冲击，铁路货运量增速下滑至0.9%，弹性系数仅为0.1；2010—2011年，经济快速回升的同时铁路货运量也较快增长；2012年以来，随着经济增速回落，铁路货运量增长明显放缓，甚至下降
2015/06-pg2.4_007.txt,0,1,1,特别是党的十八大以来，面对国际金融危机的深层次影响和国内发展条件的深刻变化，在以习近平同志为总书记的党中央坚强领导下，全国人民万众一心、克难攻坚、砥砺前行，全面建成小康社会迈出坚实步伐、全面深化改革实现良好开局、全面依法治国开启新征程、全面从严治党取得新进展，经济建设、政治建设、文化建设、社会建设、生态文明建设阔步迈进，取得的成绩来之不易，人民满意、社会认同、世界瞩目
2015/06-pg2.4_008.txt,1,1,2,"与此同时，中国经济增速放缓，很大程度上也受到了金融危机以来世界经济深度调整的巨大冲击 || 四、中国经济结构调整将为世界经济重返健康增长轨道作出更大贡献 

 国际金融危机后，世界各国深刻反思以往的经济增长模式，结构调整已成为全球性趋势"
2015/07-pg3.1_001.txt,1,1,1,谋求开放创新、包容互惠的发展前景，具有世界视野的发展观是从2008年国际经济金融危机总结出的经验，也是从富者愈富、穷者愈穷的不可持续发展中得出的结论
2015/07-pg3.1_002.txt,1,1,1,2008年爆发的国际经济金融危机告诉我们，放任资本逐利，其结果将是引发新一轮危机
2015/07-pg3.1_003.txt,1,1,1,国际金融危机阴影袭来，中美共同决定在二十国集团平台上共同推动全球经济治理；伊朗核问题谈判僵局中，中美同有关各方协同努力，推动最终达成全面协议；应对全球气候变暖，中美两国发表联合声明向世界作出承诺，展现大国担当……“跨越太平洋的合作”的重大成果，有力地展现了中美关系发展的蓬勃生机和巨大潜力，也有力地说明了中美关系的全球影响力
2015/07-pg3.1_004.txt,1,1,0,
2015/07-pg3.1_005.txt,1,0,0,
2015/07-pg3.1_006.txt,1,1,1,回首过去，我们经历了全球经济持续增长，也承受了国际金融危机严重冲击
2015/07-pg3.1_008.txt,1,0,0,
2015/07-pg3.1_009.txt,1,1,0,
2015/07-pg3.1_010.txt,1,1,1,我们携手应对国际金融危机影响，为推动世界经济复苏作出共同努力
2015/07-pg3.1_011.txt,1,0,0,
2015/07-pg3.1_012.txt,1,1,0,
2015/07-pg3.1_013.txt,1,1,1,国际金融危机以来，全球产业结构、增长动力、治理格局处于深度调整之中，给各国经济发展都带来深远影响
2015/07-pg3.1_014.txt,1,1,0,
2015/07-pg3.1_015.txt,0,1,0,
2015/08-pg3.2_001.txt,1,1,1,国际金融危机的深层次影响还未消除，贫困等全球性问题仍未解决，地区热点此起彼伏，恐怖主义、网络安全等非传统安全威胁上升，维护世界和平、促进共同发展依然有很长路要走
2015/08-pg3.2_003.txt,1,1,0,
2015/08-pg3.2_004.txt,1,1,0,
2015/08-pg3.2_005.txt,1,0,0,
2015/08-pg3.2_006.txt,1,0,0,
2015/08-pg3.2_007.txt,1,1,0,
2015/08-pg3.2_008.txt,0,1,0,
2015/08-pg3.2_009.txt,0,1,0,
2015/08-pg3.2_010.txt,0,1,0,
2015/08-pg3.2_011.txt,1,1,0,
2015/08-pg3.2_012.txt,0,1,3,"各国已采取对冲措施，引发全球性金融危机的可能性不大 

 作为世界头号经济体，美国货币政策如果出现方向性调整，势必会对世界经济产生重要影响 || 不少人心生疑虑：美国加息是否会引发像1998年和2008年那样的金融危机"
2015/08-pg3.2_013.txt,0,1,0,
2015/08-pg3.2_014.txt,1,1,1,在国际金融危机的持续影响下，一些国家开始减少对绿色部门的财政支持
2015/08-pg3.2_015.txt,1,1,0,
2015/09-pg3.3_001.txt,0,1,0,
2015/09-pg3.3_002.txt,0,1,0,
2015/09-pg3.3_003.txt,0,1,0,
2015/09-pg3.3_004.txt,1,1,0,
2015/09-pg3.3_005.txt,0,1,1,国际金融危机之后，受发达国家量化宽松政策的影响，国际金融市场整体处于低利率环境中，一些投资者为追逐较高的收益率，纷纷将资金投向比普通债券违约风险更大的垃圾债，从而催生了垃圾债市场的繁荣
2015/09-pg3.3_006.txt,0,1,0,
2015/09-pg3.3_008.txt,0,1,0,
2015/09-pg3.3_009.txt,0,1,0,
2015/09-pg3.3_010.txt,0,1,1,王一鸣：2008年后，中国经济受国际金融危机冲击出现较大起伏，到2010年一季度经济增长回到一个新的高点
2015/09-pg3.3_011.txt,0,1,0,
2015/09-pg3.3_012.txt,0,1,0,
2015/09-pg3.3_013.txt,1,1,0,
2015/09-pg3.3_014.txt,0,1,0,
2015/09-pg3.3_015.txt,1,1,0,
2015/09-pg3.3_017.txt,0,1,0,
2015/09-pg3.3_018.txt,0,1,0,
2015/09-pg3.3_020.txt,0,1,0,
2015/10-pg4.1_001.txt,0,1,1,"板块化：世界经济新格局（大家手笔）
当今世界经济发展趋势及其应对（之七） 世界经济发展分化、竞争升级
作者：李稻葵
时间：2015-08-23

李稻葵 

 国际金融危机爆发以来，受各国经济体制和政策以及自然禀赋、发展阶段等因素影响，世界经济呈现板块化新格局"
2015/10-pg4.1_002.txt,0,1,0,
2015/10-pg4.1_006.txt,1,0,0,
2015/10-pg4.1_007.txt,0,1,0,
2015/10-pg4.1_008.txt,1,0,0,
2015/10-pg4.1_009.txt,1,1,0,
2015/10-pg4.1_010.txt,0,1,1,2008年下半年，面对国际金融危机的冲击带来的经济增速下行压力，省委旗帜鲜明地提出：环境保护的“硬杠杠”不能宽，节能减排的“紧箍咒”不能松
2015/10-pg4.1_011.txt,1,1,1,前些年国际金融危机，我国的一些著名企业家、经济学家去美国考察，在美国的政府部门和机构都感觉到这场金融危机所带来的悲观气氛，但是到了硅谷这个创新活跃的地方，他们看到投资者、创新家们依然在忙碌，依然热衷于创新、创业，忙于把新构想、新技术、新事物变成现实，金融危机对这些创新、创业似乎没有太大的影响，这大概就是市场的活力、力量，也是美国经济能够走出危机的重要基础
2015/10-pg4.1_012.txt,1,1,0,
2015/10-pg4.1_013.txt,0,1,0,
2015/10-pg4.1_014.txt,1,1,2,这里选择苏东剧变与2008年国际金融危机这两个重大历史事件，透视当代西方左翼学者在资本主义终结论问题上的主要观点，以期为我们深化对当代资本主义的认识提供借鉴 || 这次金融危机不仅加速中产阶级的衰落、扩大社会贫富分化，而且引发西方社会对资本主义“主权在民”理念的普遍质疑
2015/10-pg4.1_015.txt,1,1,0,
2015/11-pg4.2_001.txt,1,1,0,
2015/11-pg4.2_003.txt,1,0,0,
2015/11-pg4.2_005.txt,0,1,0,
2015/11-pg4.2_006.txt,0,1,1,我国经济增速在2007年达到14.2%的高峰后，在应对国际金融危机严重冲击中，2010年经济增速略有上升（10.4%），但总的看，到2015年已连续8年处于下行调整过程（2015年增速按年初经济增长预期目标7%计）
2015/11-pg4.2_007.txt,0,1,0,
2015/11-pg4.2_009.txt,1,0,0,
2015/11-pg4.2_011.txt,1,1,1,如此背景下，热情的投资者们还是应当时时回味一下国际金融危机的教训，多一些警醒
2015/11-pg4.2_012.txt,0,1,0,
2015/11-pg4.2_013.txt,1,1,0,
2015/11-pg4.2_014.txt,1,1,0,
2015/11-pg4.2_015.txt,1,1,0,
2015/12-pg4.3_001.txt,1,0,0,
2015/12-pg4.3_002.txt,0,1,0,
2015/12-pg4.3_003.txt,0,1,0,
2015/12-pg4.3_004.txt,0,1,1,2008年国际金融危机的爆发，就是长期放纵金融资本，不对其依法进行规范和管理的后果
2015/12-pg4.3_005.txt,0,1,0,
2015/12-pg4.3_006.txt,0,1,0,
2015/12-pg4.3_007.txt,0,1,0,
2015/12-pg4.3_010.txt,1,1,1,该调整的一个重要原因就是发达国家仍难以摆脱金融危机遗留影响的同时，新兴市场国家出现了增速放缓迹象
2015/12-pg4.3_011.txt,0,1,1,她告诉记者，2008年以前，该省超过80%的木材出口到美国，受国际金融危机影响，该省许多木材厂关停，是中国的需求才让一批木材厂起死回生
2015/12-pg4.3_012.txt,0,1,0,
2015/12-pg4.3_013.txt,0,1,1,"国际竞争呈现新特征（刷新见解）
竞争趋于激烈 形态发生变化
作者：郭云涛
时间：2015-07-13

郭云涛 

 当前，国际金融危机深层次影响持续显现，国际形势继续发生深刻复杂变化，对国际竞争产生重要影响"
2015/12-pg4.3_014.txt,0,1,1,2008年美国次贷危机蔓延导致国际金融危机爆发后，国际经济金融形势更加复杂多变
2015/12-pg4.3_015.txt,0,1,0,
2015/12-pg4.3_016.txt,0,1,0,
2015/12-pg4.3_019.txt,1,0,0,
2015/12-pg4.3_020.txt,1,0,0,
2015/13-pg5.1_001.txt,0,1,0,
2015/13-pg5.1_002.txt,1,1,0,
2015/13-pg5.1_003.txt,1,0,0,
2015/13-pg5.1_005.txt,1,0,0,
2015/13-pg5.1_006.txt,0,1,0,
2015/13-pg5.1_007.txt,1,0,1,近年来，世界各国都在从国际金融危机中汲取教训，大刀阔斧推进结构性改革
2015/13-pg5.1_008.txt,1,0,1,从国际金融危机中汲取教训，大刀阔斧推进结构性改革，消除体制机制障碍，不仅有利于激发民众的积极性和创造力，也有利于公平分配，促进包容性增长，是应对世界经济下行挑战的必由之路
2015/13-pg5.1_009.txt,1,0,1,从国际金融危机中汲取教训，大刀阔斧推进结构性改革，消除体制机制障碍，不仅有利于激发民众的积极性和创造力，也有利于公平分配，促进包容性增长，是应对世界经济下行挑战的必由之路
2015/13-pg5.1_010.txt,1,1,1,即使遭受1997年亚洲金融危机和2008年国际金融危机两次冲击，中国经济仍保持稳健快速增长，跃升为世界第二大经济体，成功走出一条举世瞩目的中国道路
2015/13-pg5.1_011.txt,1,1,1,西方政治管理体系有太多的“无能为力”，比如2008年国际金融危机就是因为政府对金融市场失控，政府的非制度化导致了重大危机
2015/13-pg5.1_012.txt,1,1,0,
2015/13-pg5.1_013.txt,1,1,0,
2015/13-pg5.1_014.txt,1,0,0,
2015/13-pg5.1_015.txt,1,0,0,
2015/14-pg5.2_001.txt,1,0,0,
2015/14-pg5.2_002.txt,1,1,0,
2015/14-pg5.2_003.txt,1,0,0,
2015/14-pg5.2_006.txt,1,1,1,《宣言》指出，当今世界正经历着复杂变化和深刻调整，本届峰会探讨了国际金融危机对全球经济的影响，对治理全球性问题和危机的措施进行了反思，对其效果进行了分析，这将对化解和预防金融危机、促进全球经济发展具有重要作用
2015/14-pg5.2_007.txt,1,1,0,
2015/14-pg5.2_008.txt,1,1,1,一方面，国际金融危机以后，发达国家开始反思“制造业空心化”，纷纷推进“再工业化”战略，并以制造业信息化和制造业服务化为核心，制定各类制造业发展战略和规划
2015/14-pg5.2_009.txt,1,1,0,
2015/14-pg5.2_010.txt,1,1,0,
2015/14-pg5.2_011.txt,0,1,1,在2015全球软件和信息服务高峰论坛暨企业家峰会上，商务部原部长助理黄海介绍，近些年来受国际金融危机的影响，世界经济增长乏力，但是作为国际软件和信息服务的重要内容，我国服务外包市场依旧保持持续增长，产业规模扩大，承接国外外包执行额由2008年46.9亿美元增长到2014年的559.2亿美元，国际市场份额由7.7%跃升到目前将近30%，成为全球第二大接包国
2015/14-pg5.2_012.txt,0,1,0,
2015/14-pg5.2_014.txt,0,1,0,
2015/15-pg5.3_001.txt,0,1,0,
2015/15-pg5.3_002.txt,1,0,0,
2015/15-pg5.3_003.txt,1,1,1,我们成功应对了苏联解体、东欧剧变的国际格局变化，始终沿着社会主义道路奋勇向前；有效应对了1997年亚洲金融危机，保持了经济社会快速发展；有效应对了2003年非典疫情、2008年汶川特大地震、2010年玉树强烈地震等重大灾难，夺取了抗灾救灾和灾后重建的胜利；有效应对了2008年以来国际金融危机的冲击，继续保持经济社会平稳快速发展的良好态势；等等
2015/15-pg5.3_004.txt,1,1,1,我们成功应对了1997年亚洲金融危机和2008年国际金融危机的冲击，实现了经济稳定、持续、健康发展
2015/15-pg5.3_005.txt,0,1,1,受国际金融危机影响，全球经济缓慢复苏、发展分化，国际投资贸易格局和多边投资贸易规则正酝酿深刻调整
2015/15-pg5.3_007.txt,1,1,0,
2015/15-pg5.3_008.txt,0,1,0,
2015/15-pg5.3_009.txt,0,1,2,比如，1998—2007年，我国国内生产总值同比增速由7.8%提高至14.2%，而同期工业用电量增速、铁路货运量增速总体上呈现持续上升的态势；2008—2009年，受国际金融危机冲击，我国经济增速大幅回落，工业用电量和铁路货运量增速明显下降；2009年后，随着我国经济增速的回升，工业用电量、铁路货运量加快增长；2011年以来，随着经济增速下行，工业用电量和铁路货运量增长又加速回落（见图4） || 近几年来，受国际金融危机冲击，在市场倒逼机制影响下，企业积极推进技术进步和生产要素替代的压力前所未有，促进了能源利用效率的提高和能源消费结构的改善
2015/15-pg5.3_010.txt,0,1,0,
2015/15-pg5.3_012.txt,0,1,0,
2015/15-pg5.3_013.txt,0,1,0,
2015/15-pg5.3_014.txt,0,1,1,新加坡华侨银行经济学家谢栋铭对本报记者表示，国际金融危机后，不少欧美企业受到冲击撤出发展中经济体，为发展中经济体之间互相投资提供了机会
2015/15-pg5.3_015.txt,0,1,0,
2015/15-pg5.3_016.txt,1,1,0,
2015/15-pg5.3_017.txt,0,1,1,2008年，受国际金融危机影响，我国有2000多万农民工“返乡”
2015/15-pg5.3_018.txt,0,1,1,首先它会导致资产价格泡沫积累，最终使得市场估值上升至实体经济无法支撑的水平，而资产价格泡沫的破灭通常会导致旷日持久的金融危机与经济危机
2015/15-pg5.3_019.txt,1,1,1,比如，社会主义国家共产党、左翼政党以国际金融危机为契机，对以往社会主义模式进行研究和反思，主张独立自主探索发展社会主义的道路
2015/16-pg5.4_001.txt,1,1,2,当前，世界经济复苏进程曲折艰难，国际金融危机的影响并未消散，主要经济体走势分化，不论是发达经济体，还是发展中国家，普遍面临经济下行压力 || 实践证明，各国要彻底摆脱国际金融危机影响，协力推动经济增长，离不开自由贸易
2015/16-pg5.4_002.txt,0,1,1,2008年国际金融危机再次证明，没有坚实的制造业支撑，必将导致经济体的不断虚化和弱化
2015/17-pg6.1_001.txt,0,1,0,
2015/17-pg6.1_002.txt,1,1,1,"理性看待西方“资本主义终结论”（热点辨析）
有道理、有启示但“药方”未必管用
作者：吉志强
时间：2015-05-25

吉志强 

 近来，法国经济学家托马斯·皮凯蒂撰著的《21世纪资本论》一书在全球热销，引发人们对国际金融危机以至当代资本主义的深刻反思"
2015/17-pg6.1_004.txt,0,1,0,
2015/17-pg6.1_005.txt,0,1,1,与此同时，美国的民主制度陷入困境，国际金融危机的影响尚未完全消除，政府遭遇治理危机
2015/17-pg6.1_006.txt,1,1,1,2008年国际金融危机爆发后，美国政府并未真正惩罚华尔街，导致中产阶级不满，引发“占领华尔街”运动
2015/17-pg6.1_007.txt,1,1,1,连一场导致美国多数民众资产锐减的金融危机都不能带来美国政治制度的必要改革，说明美国政治制度的纠错能力正在衰弱
2015/17-pg6.1_008.txt,1,0,0,
2015/17-pg6.1_009.txt,0,1,0,
2015/17-pg6.1_010.txt,1,1,0,
2015/17-pg6.1_011.txt,0,1,0,
2015/17-pg6.1_012.txt,0,1,0,
2015/17-pg6.1_013.txt,1,0,0,
2015/17-pg6.1_014.txt,0,1,0,
2015/17-pg6.1_015.txt,0,1,0,
2015/18-pg6.2_001.txt,0,1,1,"今年一开局，孙彦又成惊弓之鸟：全国7%的经济季度增速，创遭受国际金融危机严重冲击后的最低值；银行业不良资产余额、比例“双升”……本以为银行“晴天送伞、雨天收伞”的习性会复发，被惜贷抽贷殃及“在劫难逃”，孰料经政府牵线搭桥，春节后天津滨海农商银行一笔500万元的贷款不期而至…… 

 过去从未获得银行贷款的王继和，也享受了“幸福来敲门”的惊喜"
2015/18-pg6.2_002.txt,0,1,0,
2015/18-pg6.2_003.txt,1,0,0,
2015/18-pg6.2_004.txt,0,1,0,
2015/18-pg6.2_005.txt,0,1,0,
2015/18-pg6.2_006.txt,0,1,0,
2015/18-pg6.2_007.txt,1,1,1,"（一）把握大趋势 ——新常态是中国经济发展进入新阶段的规律性呈现，是走向更高发展境界的必然历史过程 

 2015年“开局季”，中国经济增长7％——这是6年来中国经济季度增速的低点，也是遭受国际金融危机严重冲击后的最低值"
2015/18-pg6.2_008.txt,0,1,0,
2015/18-pg6.2_009.txt,0,1,2,不过，这种金融风险的积累具有国别特征，即便发生金融危机也可能只是局部性危机，不至于引发全球性金融危机 || 另外，在世界经济区域化发展趋势中，我国处于经济增长颇具潜力的东亚地区，特别是东亚网络生产体系的内在联系并没有因为国际金融危机的冲击而发生实质性变化，这为我国坚持对外开放政策提供了国际空间和分工基础
2015/18-pg6.2_010.txt,1,1,0,
2015/18-pg6.2_012.txt,0,1,0,
2015/18-pg6.2_013.txt,0,1,0,
2015/18-pg6.2_015.txt,0,1,0,
2015/19-pg6.3_001.txt,1,0,0,
2015/19-pg6.3_002.txt,1,1,0,
2015/19-pg6.3_003.txt,0,1,0,
2015/19-pg6.3_004.txt,0,1,0,
2015/19-pg6.3_005.txt,1,1,0,
2015/19-pg6.3_006.txt,0,1,0,
2015/19-pg6.3_007.txt,0,1,0,
2015/19-pg6.3_008.txt,1,1,0,
2015/19-pg6.3_009.txt,1,1,2,中国现代国际关系研究院世界经济研究所所长陈凤英在接受本报记者采访时表示，今年全球收购并购活跃说明2008年国际金融危机对世界经济的影响告一段落，企业家看好未来全球经济发展前景，通过并购来调整产业布局，抢占市场先机 || 法国经济学家张万申表示，法国很多企业拥有优秀的工艺、产品和名牌，正需要发展资金，以应对最近几年金融危机和全球化带来的冲击
2015/19-pg6.3_011.txt,1,1,1,但以期货、期权为代表的场内金融衍生品市场凭借其监管严格、规则简单透明和注重风险管理的优势，成功抵御了国际金融危机的冲击，并成为当前国际金融市场创新发展和国际金融监管改革的主要方向
2015/19-pg6.3_012.txt,0,1,0,
2015/19-pg6.3_014.txt,1,1,0,
2015/19-pg6.3_015.txt,0,1,1,国际货币基金组织近日发布的《世界经济展望》报告指出，国际金融危机对发达经济体和新兴市场经济体潜在增长率的影响在未来几年仍将持续显现，提高潜在产出应成为优先考虑的政策方向
2015/19-pg6.3_016.txt,0,1,0,
2015/19-pg6.3_017.txt,0,1,1,”余斌表示，国际金融危机后，需求侧增速在宏观管理下平稳回落，在结构升级中逐步接近新的均衡水平；供给侧受高增长思维惯性、地方保护主义、银行市场化改革不到位等因素影响，调整速度缓慢，与需求侧之间形成明显缺口，“尤其是重化工业需求收缩力度大，产能过剩严重
2015/20-pg6.4_001.txt,1,1,1,适应性的学习一直是中国央行的传统，这样可以避免导致自生性金融危机爆发的错误，也可以避免利率或汇率波动给经济带来的损失
2015/20-pg6.4_003.txt,0,1,0,
2015/21-pg7.1_001.txt,0,1,1,近年来，受国际金融危机和欧债危机影响，法国工业可谓“元气大伤”，生产企业一度出现倒闭潮，工业和企业竞争力均大幅下滑，首当其冲的是汽车制造、医药、化工和冶金等行业
2015/21-pg7.1_002.txt,0,1,2,"” 

 1997年亚洲金融危机之后，亚洲多数国家就已经意识到国际资本流动可能冲击本国经济，开始从国际和国内两方面着手防范金融风险 || 中国社会科学院世界经济与政治研究所研究员高海红在接受本报记者采访时表示，新兴市场国家外汇储备降低，表明这些国家多年以来形成的经常项目顺差局面发生了改变，这是全球需求萎缩、新兴市场国家经济增速放缓的表现，也是后金融危机时期全球再平衡的结果"
2015/21-pg7.1_003.txt,0,1,0,
2015/21-pg7.1_005.txt,1,1,0,
2015/21-pg7.1_006.txt,0,1,0,
2015/21-pg7.1_007.txt,1,1,1,国际金融危机对发达国家的一个重要启示是要推行结构性改革和改善供给面，但经济低迷导致基础设施建设支出疲弱，于是这些国家加大在基础设施领域的对外开放力度
2015/21-pg7.1_008.txt,1,1,1,欧美市场受国际金融危机冲击严重，企业资金短缺，这在一定程度上会刺激中国企业转战西方，但中国企业西向投资的根本动力还是自身成长所需，以及参与构建全球经济新格局的商业冲动
2015/21-pg7.1_009.txt,1,1,2,特别是本轮国际金融危机后，各国充分汲取危机中正反两方面的经验教训，纷纷向风险最小化模式转变，强化存款保险早期纠正与风险处置等职责 || 在我国存款保险制度设计理念和方向上，这方面有高度共识，包括存款保险不能做“付款箱”，应实行基于风险的差别费率，存款保险应具有必要的早期纠正和风险处置职能，尽可能做到对风险早发现、早纠正、早处置等，正是总结了国际金融危机正反两方面的经验教训，体现了存款保险制度的核心要素和国际发展改革趋势
2015/21-pg7.1_010.txt,1,1,0,
2015/21-pg7.1_011.txt,1,1,1,前者主要是在经济下行期生产率提高速度通常较低，即生产率提高具有顺周期的特点；后者主要是前几年应对国际金融危机冲击而实施的大力度投资刺激政策，一定程度上加剧了部分领域产能过剩，导致生产率提高速度一定程度的下降
2015/21-pg7.1_013.txt,0,1,1,2008年国际金融危机爆发，加上欧元区部分成员国经济发展中的泡沫破灭，引发了银行业危机，严重拖累了欧元
2015/21-pg7.1_014.txt,0,1,0,
2015/21-pg7.1_015.txt,0,1,1,国际金融危机深层次影响持续显现，世界经济缓慢复苏、发展分化，国际投资贸易格局和多边投资贸易规则酝酿深刻调整
2015/22-pg7.2_001.txt,0,1,1,"一、时代背景 

 当今世界正发生复杂深刻的变化，国际金融危机深层次影响继续显现，世界经济缓慢复苏、发展分化，国际投资贸易格局和多边投资贸易规则酝酿深刻调整，各国面临的发展问题依然严峻"
2015/22-pg7.2_002.txt,1,1,0,
2015/22-pg7.2_003.txt,1,1,0,
2015/22-pg7.2_004.txt,0,1,0,
2015/22-pg7.2_005.txt,0,1,0,
2015/22-pg7.2_006.txt,0,1,1,蔡源分析称，在美国、英国等受到2008年国际金融危机冲击最大的国家，家庭债务都在大规模减少，澳大利亚受金融危机的影响较小，因此消费者信心相对较强，借贷行为很普遍，导致家庭负债较高
2015/22-pg7.2_007.txt,1,0,0,
2015/22-pg7.2_008.txt,1,0,0,
2015/22-pg7.2_009.txt,1,1,1,在应对国际金融危机冲击中，我国成为全球表现最好的主要经济体
2015/22-pg7.2_011.txt,0,1,0,
2015/22-pg7.2_012.txt,0,1,0,
2015/22-pg7.2_013.txt,1,1,0,
2015/22-pg7.2_014.txt,1,1,0,
2015/22-pg7.2_015.txt,0,1,1,2014年美元的实际汇率大幅升值，其结果是，扣除石油项目之外，美国的经常项目账户逆差占国内生产总值的比例达到了3%，逼近金融危机前4%的高点
2015/23-pg7.3_001.txt,0,1,0,
2015/23-pg7.3_002.txt,0,1,0,
2015/23-pg7.3_003.txt,1,1,0,
2015/23-pg7.3_004.txt,0,1,0,
2015/23-pg7.3_005.txt,1,1,1,"权威阐释，主动回应国际涉华重大关切 

 进入新世纪以来，随着国际格局深刻变化，特别是随着中国成功应对国际金融危机冲击并保持经济持续健康发展，国际社会对中国及中国共产党的关注程度显著提高"
2015/23-pg7.3_006.txt,0,1,0,
2015/23-pg7.3_007.txt,0,1,1,从中国经济增长贡献率的变化中可以看出三个重要特点：一是国际金融危机爆发后，中国经济增长对世界经济走向复苏发挥了重要作用；二是中国对世界经济增长的贡献率已经超过美国，成为全球第一；三是近年来中国经济增长速度开始逐步回落，但由于经济规模持续扩大等因素的影响，对世界经济增长的贡献率还在上升
2015/23-pg7.3_008.txt,0,1,0,
2015/23-pg7.3_009.txt,0,1,1,我国正处于新常态下加快调整经济结构、经济从中低端迈向中高端的关键时刻，而且此前为抵御国际金融危机冲击已经采取了力度较大的刺激政策，现在还处在前期刺激政策消化期，若再实行逆经济发展趋势而动的强刺激政策，政策的边际效果明显递减不说，还会导致结构问题更加严重，并扭曲市场机制
2015/23-pg7.3_010.txt,0,1,0,
2015/23-pg7.3_012.txt,1,1,1,1973年和1978年两次石油危机导致的全球性经济衰退动摇了福利国家的财政根基，欧洲福利国家开始对慷慨的社会保障制度进行反思，第一轮“瘦身”改革由此启动；20世纪90年代以来，老龄化和婴儿潮倒逼几乎所有发达国家对医疗、养老和失业等缴费型保险制度进行深度改革，对非缴费型福利政策进行广泛收缩，形成第二轮改革，其特点是很多国家在制度结构调整上取得丰硕成果；2008年的国际金融危机和2010年的欧洲债务危机诱发第三轮改革，包括提高最低缴费年限、延长法定退休年龄等的参数改革取得明显成效
2015/23-pg7.3_013.txt,1,1,0,
2015/23-pg7.3_014.txt,0,1,1,“历史终结论”认为，西方资本主义的政治、经济体系已成为“人类社会的最终形态”，导致这些年来西方理论界对国内治理的“无目标、多主体”主张，造成对金融衍生化发展趋势的放任，最终演化成2008年的金融危机
2015/23-pg7.3_015.txt,0,1,0,
2015/23-pg7.3_016.txt,1,1,1,在西方国家受国际金融危机影响而不断缩减对非承诺的背景下，这种推动力显得尤为突出
2015/23-pg7.3_017.txt,0,1,0,
2015/23-pg7.3_018.txt,0,1,0,
2015/23-pg7.3_019.txt,0,1,1,改革开放以来，无论面对苏东剧变和国内严重政治风波还是面对敌对势力西化、分化图谋，无论遭遇国际金融危机的冲击还是经受特大自然灾害袭击，我们都沉着应对、化险为夷，把中国特色社会主义不断推向新的发展阶段
2015/23-pg7.3_020.txt,0,1,0,
2015/24-pg8.1_001.txt,1,1,1,"新华社发 
 在世界经济增速放缓、国际金融危机影响仍未消除的今天，全球主要经济体的关注目光已从危机转向经济结构的改革和创新"
2015/24-pg8.1_002.txt,1,1,1,国际金融危机爆发以来，发达国家不同程度地遭遇了危机冲击，复苏之路走得很不稳当，对于全球发展事业的投入力度再打折扣
2015/24-pg8.1_003.txt,1,1,0,
2015/24-pg8.1_004.txt,0,1,1,金融危机以来，中国出口增速从两位数下降到个位数，出口导向型投资和就业受到一定影响，一些低附加值制造业企业出现困境
2015/24-pg8.1_005.txt,1,1,0,
2015/24-pg8.1_007.txt,1,1,1,2008年国际金融危机以来，西方也出现了对自身制度、模式或治理能力的反思，其中对经济制度和模式的反思比较多
2015/24-pg8.1_008.txt,0,1,0,
2015/24-pg8.1_009.txt,0,1,0,
2015/24-pg8.1_010.txt,0,1,1,"财政吃紧　花钱更要精打细算（政策解读）
去年全国财政收入增8.6%，增幅为1994年分税制改革以来最低
作者：李丽辉;蔡华伟
时间：2015-01-31

制图：蔡华伟 
 

 本报记者　李丽辉 

 2014年，全国财政收入增长8.6%，这一增速是近些年来最低的，比受到国际金融危机冲击的2009年还要低"
2015/24-pg8.1_011.txt,1,0,0,
2015/24-pg8.1_012.txt,0,1,0,
2015/24-pg8.1_013.txt,0,1,0,
2015/25-pg8.2_001.txt,1,0,1,因此，国际金融危机后，发达国家开始反思制造业空心化问题，纷纷实施“再工业化”战略，试图重振制造业
2015/25-pg8.2_002.txt,1,1,0,
2015/25-pg8.2_003.txt,0,1,0,
2015/25-pg8.2_004.txt,0,1,0,
2015/25-pg8.2_005.txt,0,1,1,目前，世界经济复苏低于预期，产出缺口依然保持高位，一些国家还在消化高负债、高失业率等金融危机的后续影响
2015/25-pg8.2_006.txt,1,1,0,
2015/25-pg8.2_007.txt,0,1,0,
2015/25-pg8.2_009.txt,1,1,1,"金砖国家，转型中砥砺前行（权威论坛）
从增量到提质　以合作谋共赢
作者：张慧中;刘栋;王海林;王欲然;吕鹏飞;谢亚宏
时间：2015-01-26

在全球经济仍未摆脱国际金融危机影响的今天，金砖国家经济增速有所放缓"
2015/25-pg8.2_010.txt,0,1,1,日趋严重的失业问题、日益加剧的两极分化、频繁爆发的金融和经济危机、国际垄断资本对全世界的剥夺，特别是苏联东欧国家快速转向资本主义引发空前经济灾难，以及2008年以来始于美国、席卷全球的国际金融危机，再次证明了马克思主义经济学的一个论断：资本主义生产的真正限制是资本自身，资本主义生产总是竭力克服它所固有的限制，但它用来克服这些限制的手段，只是使这些限制以更大的规模重新出现在它的面前，从而使矛盾和危机在更大的范围和更广的区域里爆发
2015/25-pg8.2_011.txt,1,1,0,
2015/25-pg8.2_012.txt,0,1,1,国际金融危机以来，法国的经济实力在下降，贸易、制造业、金融业的发展都举步维艰，经济因素直接制约了法国的国际影响力
2015/25-pg8.2_013.txt,0,1,1,这主要源于国际金融危机冲击之后国家出台了一系列刺激经济增长的措施，4万亿投资主要投到了基础设施建设上，带动了劳动力市场对农民工的需求，这几年农民工的工资收入一直增长较快
2015/25-pg8.2_014.txt,1,1,0,
2015/25-pg8.2_015.txt,0,1,1,在长达一小时的演讲中，奥巴马将重心放在内政上，不仅宣布美国经济已经摆脱了国际金融危机的影响，“翻开新的一页”，而且提出要进一步缩小社会贫富差距，让更多经济政策向中产阶层倾斜
2015/26-pg8.3_001.txt,0,1,0,
2015/26-pg8.3_002.txt,0,1,0,
2015/26-pg8.3_003.txt,0,1,1,受国际金融危机的影响，全球市场需求整体不旺已是相当一段时期的事情
2015/26-pg8.3_004.txt,1,1,1,2008年国际金融危机爆发后，印尼汲取在亚洲金融危机中的经验教训，展现出良好的“免疫力”和抗压力，政府出台了多项经济措施来化解危机造成的负面影响，包括加大对基础设施投资，建设六大经济走廊，推动农业和制造业发展，出台一揽子税收减免政策等
2015/26-pg8.3_005.txt,0,1,0,
2015/26-pg8.3_006.txt,1,1,1,这一增速，比受国际金融危机冲击的2009年还要低，是近十几年来最低的
2015/26-pg8.3_007.txt,0,1,1,诺贝尔经济学奖得主约瑟夫·斯蒂格利茨曾经指出，美国政府前些年错误地放松了金融监管，导致了金融危机的发生，部分就与金融财团的游说相关
2015/26-pg8.3_008.txt,1,1,0,
2015/26-pg8.3_009.txt,0,1,0,
2015/26-pg8.3_010.txt,1,1,0,
2015/26-pg8.3_011.txt,1,1,1,埃德加·沃克对本报记者表示，德国政府追求预算平衡目标，一是履行《财政平衡法》的法律义务，二是出于对国际金融危机的反思
2015/26-pg8.3_012.txt,0,1,0,
2015/26-pg8.3_013.txt,0,1,0,
2015/26-pg8.3_014.txt,0,1,0,
2015/26-pg8.3_015.txt,0,1,0,
2015/26-pg8.3_016.txt,1,0,0,
2015/26-pg8.3_018.txt,1,0,0,
2015/26-pg8.3_019.txt,0,1,0,
2015/27-pg8.4_001.txt,0,1,0,
2015/27-pg8.4_002.txt,1,1,0,
2015/27-pg8.4_003.txt,1,0,0,
2015/28-pg9.1_001.txt,0,1,0,
2015/28-pg9.1_002.txt,0,1,0,
2015/28-pg9.1_003.txt,0,1,0,
2015/28-pg9.1_004.txt,1,1,0,
2015/28-pg9.1_006.txt,1,1,0,
2015/28-pg9.1_007.txt,0,1,0,
2015/28-pg9.1_008.txt,0,1,1,一个时期以来，全球制造业进入一个较长的深度调整期，这一方面是受国际金融危机的深刻影响，同时也反映出制造业本身创新乏力、新的增长点难觅
2015/28-pg9.1_009.txt,0,1,2,随着国际金融危机影响加大，法国流浪汉的数量近年来一路攀升，据统计，2012年仅巴黎地区就有2.88万无家可归者 || ”受国际金融危机影响，欧洲各国失业率上升，导致一些社会救助事业的支出削减，救助力度下降，与往年相比，市政机关救助站的开放床位减少了一半
2015/28-pg9.1_010.txt,1,1,0,
2015/28-pg9.1_011.txt,1,0,0,
2015/28-pg9.1_012.txt,0,1,2,2008年以来，中国得到了来自拉美的能源、矿产等原材料支持，成功抵御国际金融危机造成的负面影响，保持了国民经济持续快速增长 || 同时，中国经济的高速增长，拉动了拉美大宗初级产品的出口，成为拉美迅速克服国际金融危机冲击和保持经济增长的最重要因素之一
2015/28-pg9.1_013.txt,1,1,1,"本报记者　王海林摄 
 

 本报驻巴西记者　王海林 

 近年来，受国际金融危机影响，美国经济增长乏力，欧洲经济陷入滞涨，中国同其他新兴市场经济体一起成为推动经济全球化进程的重要力量"
2015/28-pg9.1_014.txt,1,0,0,
2015/28-pg9.1_015.txt,0,1,0,
2015/29-pg9.2_001.txt,0,1,0,
2015/29-pg9.2_002.txt,0,1,1,受国际金融危机影响，立陶宛2009年深陷经济衰退泥淖
2015/29-pg9.2_003.txt,0,1,0,
2015/29-pg9.2_004.txt,1,1,0,
2015/29-pg9.2_005.txt,1,1,0,
2015/29-pg9.2_006.txt,1,1,0,
2015/29-pg9.2_007.txt,1,0,0,
2015/29-pg9.2_008.txt,0,1,0,
2015/29-pg9.2_009.txt,1,1,1,根据现场发布的报告，受国际油价走低、亚洲航空市场迅猛发展等因素影响，全球航空业有望在2015年迎来大幅回暖，彻底告别2008年国际金融危机以来的“艰难岁月”
2015/29-pg9.2_010.txt,0,1,0,
2015/29-pg9.2_011.txt,1,1,1,国际金融危机以来的历史经验告诉我们，基于“货币万能主义”的量化宽松货币政策并非重整经济的万应灵丹，反而加剧全球汇率动荡、金融风险和经济失衡
2015/29-pg9.2_013.txt,1,1,1,会议认为，世界经济仍处在国际金融危机后的深度调整期，明年世界经济增速可能会略有回升，但总体复苏疲弱态势难有明显改观，国际金融市场波动加大，国际大宗商品价格波动，地缘政治等非经济因素影响加大
2015/29-pg9.2_014.txt,1,0,0,
2015/29-pg9.2_015.txt,0,1,0,
2015/29-pg9.2_016.txt,0,1,0,
